date,store_id,store_name,product_id,product_name,category,weather,is_holiday,is_weekend,is_activity_day,predicted_sales,model,model_label,demand_class,is_low_volume,external_scenario_note
2022-04-01,14,C地彩虹南路店,11000405,百事可乐330ml,碳酸饮料,多云,0,0,0,2.2234208558667827,hybrid_low_q1_regular_ridge,低销量指数平滑-常规Ridge混合,volatile,0,天气、温度、风力、活动日为历史同月日参考；节假日按2022清明日历设定；低销量组合使用问题一指数平滑，非低销量组合使用综合Ridge
2022-04-01,14,C地彩虹南路店,11001020,韩国海牌海苔 / 韩国海飘海苔,包装海苔,多云,0,0,0,0.130335550021404,hybrid_low_q1_regular_ridge,低销量指数平滑-常规Ridge混合,intermittent,0,天气、温度、风力、活动日为历史同月日参考；节假日按2022清明日历设定；低销量组合使用问题一指数平滑，非低销量组合使用综合Ridge
2022-04-01,14,C地彩虹南路店,11002170,三养辣火鸡味拌面,速食类,多云,0,0,0,0.2656404976078264,hybrid_low_q1_regular_ridge,低销量指数平滑-常规Ridge混合,very_sparse,1,天气、温度、风力、活动日为历史同月日参考；节假日按2022清明日历设定；低销量组合使用问题一指数平滑，非低销量组合使用综合Ridge
2022-04-01,14,C地彩虹南路店,11002561,乡吧哥蜜汁鸡翅,包装散称,多云,0,0,0,3.763421901710348,hybrid_low_q1_regular_ridge,低销量指数平滑-常规Ridge混合,volatile,0,天气、温度、风力、活动日为历史同月日参考；节假日按2022清明日历设定；低销量组合使用问题一指数平滑，非低销量组合使用综合Ridge
2022-04-01,14,C地彩虹南路店,11002605,老板仔香脆海苔卷（原味）,包装海苔,多云,0,0,0,0.00011138275022715137,hybrid_low_q1_regular_ridge,低销量指数平滑-常规Ridge混合,low_volume_intermittent,1,天气、温度、风力、活动日为历史同月日参考；节假日按2022清明日历设定；低销量组合使用问题一指数平滑，非低销量组合使用综合Ridge
2022-04-01,14,C地彩虹南路店,11004973,特仑苏纯牛奶,乳类饮品,多云,0,0,0,0.1119644351549524,hybrid_low_q1_regular_ridge,低销量指数平滑-常规Ridge混合,intermittent,0,天气、温度、风力、活动日为历史同月日参考；节假日按2022清明日历设定；低销量组合使用问题一指数平滑，非低销量组合使用综合Ridge
2022-04-01,14,C地彩虹南路店,11005780,大丰古法瓜子,包装坚果,多云,0,0,0,0.1496669085616422,hybrid_low_q1_regular_ridge,低销量指数平滑-常规Ridge混合,regular,0,天气、温度、风力、活动日为历史同月日参考；节假日按2022清明日历设定；低销量组合使用问题一指数平滑，非低销量组合使用综合Ridge
2022-04-01,14,C地彩虹南路店,11008516,李子柒螺蛳粉335g,速食类,多云,0,0,0,1.7812264202845633,hybrid_low_q1_regular_ridge,低销量指数平滑-常规Ridge混合,low_volume_intermittent,1,天气、温度、风力、活动日为历史同月日参考；节假日按2022清明日历设定；低销量组合使用问题一指数平滑，非低销量组合使用综合Ridge
2022-04-01,14,C地彩虹南路店,11008644,洽洽早餐每日坚果（燕麦片）,包装冲饮,多云,0,0,0,0.0,hybrid_low_q1_regular_ridge,低销量指数平滑-常规Ridge混合,very_sparse,1,天气、温度、风力、活动日为历史同月日参考；节假日按2022清明日历设定；低销量组合使用问题一指数平滑，非低销量组合使用综合Ridge
2022-04-01,14,C地彩虹南路店,12000134,百事可乐600ml,碳酸饮料,多云,0,0,0,0.7679766704881161,hybrid_low_q1_regular_ridge,低销量指数平滑-常规Ridge混合,regular,0,天气、温度、风力、活动日为历史同月日参考；节假日按2022清明日历设定；低销量组合使用问题一指数平滑，非低销量组合使用综合Ridge
2022-04-01,14,C地彩虹南路店,12000292,红牛,功能饮料,多云,0,0,0,5.592575277614451,hybrid_low_q1_regular_ridge,低销量指数平滑-常规Ridge混合,regular,0,天气、温度、风力、活动日为历史同月日参考；节假日按2022清明日历设定；低销量组合使用问题一指数平滑，非低销量组合使用综合Ridge
2022-04-01,14,C地彩虹南路店,12001131,旺仔牛奶,乳类饮品,多云,0,0,0,1.5060449403381024,hybrid_low_q1_regular_ridge,低销量指数平滑-常规Ridge混合,intermittent,0,天气、温度、风力、活动日为历史同月日参考；节假日按2022清明日历设定；低销量组合使用问题一指数平滑，非低销量组合使用综合Ridge
2022-04-01,18,A地天九街店,11000405,百事可乐330ml,碳酸饮料,多云,0,0,0,3.216527149280321,hybrid_low_q1_regular_ridge,低销量指数平滑-常规Ridge混合,intermittent,0,天气、温度、风力、活动日为历史同月日参考；节假日按2022清明日历设定；低销量组合使用问题一指数平滑，非低销量组合使用综合Ridge
2022-04-01,18,A地天九街店,11001020,韩国海牌海苔 / 韩国海飘海苔,包装海苔,多云,0,0,0,1.4564842817510093,hybrid_low_q1_regular_ridge,低销量指数平滑-常规Ridge混合,intermittent,0,天气、温度、风力、活动日为历史同月日参考；节假日按2022清明日历设定；低销量组合使用问题一指数平滑，非低销量组合使用综合Ridge
2022-04-01,18,A地天九街店,11002170,三养辣火鸡味拌面,速食类,多云,0,0,0,0.6837584841239029,hybrid_low_q1_regular_ridge,低销量指数平滑-常规Ridge混合,low_volume_intermittent,1,天气、温度、风力、活动日为历史同月日参考；节假日按2022清明日历设定；低销量组合使用问题一指数平滑，非低销量组合使用综合Ridge
2022-04-01,18,A地天九街店,11002561,乡吧哥蜜汁鸡翅,包装散称,多云,0,0,0,4.832496646028879,hybrid_low_q1_regular_ridge,低销量指数平滑-常规Ridge混合,intermittent,0,天气、温度、风力、活动日为历史同月日参考；节假日按2022清明日历设定；低销量组合使用问题一指数平滑，非低销量组合使用综合Ridge
2022-04-01,18,A地天九街店,11002605,老板仔香脆海苔卷（原味）,包装海苔,多云,0,0,0,0.6106191011840001,hybrid_low_q1_regular_ridge,低销量指数平滑-常规Ridge混合,very_sparse,1,天气、温度、风力、活动日为历史同月日参考；节假日按2022清明日历设定；低销量组合使用问题一指数平滑，非低销量组合使用综合Ridge
2022-04-01,18,A地天九街店,11005780,大丰古法瓜子,包装坚果,多云,0,0,0,1.2913383796524385,hybrid_low_q1_regular_ridge,低销量指数平滑-常规Ridge混合,intermittent,0,天气、温度、风力、活动日为历史同月日参考；节假日按2022清明日历设定；低销量组合使用问题一指数平滑，非低销量组合使用综合Ridge
2022-04-01,18,A地天九街店,11008516,李子柒螺蛳粉335g,速食类,多云,0,0,0,2.3278771174275168e-05,hybrid_low_q1_regular_ridge,低销量指数平滑-常规Ridge混合,very_sparse,1,天气、温度、风力、活动日为历史同月日参考；节假日按2022清明日历设定；低销量组合使用问题一指数平滑，非低销量组合使用综合Ridge
2022-04-01,18,A地天九街店,12000134,百事可乐600ml,碳酸饮料,多云,0,0,0,2.892478473675105,hybrid_low_q1_regular_ridge,低销量指数平滑-常规Ridge混合,intermittent,0,天气、温度、风力、活动日为历史同月日参考；节假日按2022清明日历设定；低销量组合使用问题一指数平滑，非低销量组合使用综合Ridge
2022-04-01,18,A地天九街店,12000292,红牛,功能饮料,多云,0,0,0,12.206344854369071,hybrid_low_q1_regular_ridge,低销量指数平滑-常规Ridge混合,intermittent,0,天气、温度、风力、活动日为历史同月日参考；节假日按2022清明日历设定；低销量组合使用问题一指数平滑，非低销量组合使用综合Ridge
2022-04-01,18,A地天九街店,12001131,旺仔牛奶,乳类饮品,多云,0,0,0,2.0837062002445963,hybrid_low_q1_regular_ridge,低销量指数平滑-常规Ridge混合,intermittent,0,天气、温度、风力、活动日为历史同月日参考；节假日按2022清明日历设定；低销量组合使用问题一指数平滑，非低销量组合使用综合Ridge
2022-04-01,23,C地姜山店,11000405,百事可乐330ml,碳酸饮料,多云,0,0,0,1.1946960666157076,hybrid_low_q1_regular_ridge,低销量指数平滑-常规Ridge混合,intermittent,0,天气、温度、风力、活动日为历史同月日参考；节假日按2022清明日历设定；低销量组合使用问题一指数平滑，非低销量组合使用综合Ridge
2022-04-01,23,C地姜山店,11001020,韩国海牌海苔 / 韩国海飘海苔,包装海苔,多云,0,0,0,0.425130321643669,hybrid_low_q1_regular_ridge,低销量指数平滑-常规Ridge混合,regular,0,天气、温度、风力、活动日为历史同月日参考；节假日按2022清明日历设定；低销量组合使用问题一指数平滑，非低销量组合使用综合Ridge
2022-04-01,23,C地姜山店,11002170,三养辣火鸡味拌面,速食类,多云,0,0,0,1.305728395949643,hybrid_low_q1_regular_ridge,低销量指数平滑-常规Ridge混合,low_volume_intermittent,1,天气、温度、风力、活动日为历史同月日参考；节假日按2022清明日历设定；低销量组合使用问题一指数平滑，非低销量组合使用综合Ridge
2022-04-01,23,C地姜山店,11002561,乡吧哥蜜汁鸡翅,包装散称,多云,0,0,0,15.467096077568128,hybrid_low_q1_regular_ridge,低销量指数平滑-常规Ridge混合,volatile,0,天气、温度、风力、活动日为历史同月日参考；节假日按2022清明日历设定；低销量组合使用问题一指数平滑，非低销量组合使用综合Ridge
2022-04-01,23,C地姜山店,11002605,老板仔香脆海苔卷（原味）,包装海苔,多云,0,0,0,0.1638444341681089,hybrid_low_q1_regular_ridge,低销量指数平滑-常规Ridge混合,intermittent,0,天气、温度、风力、活动日为历史同月日参考；节假日按2022清明日历设定；低销量组合使用问题一指数平滑，非低销量组合使用综合Ridge
2022-04-01,23,C地姜山店,11004973,特仑苏纯牛奶,乳类饮品,多云,0,0,0,0.0005453125873052109,hybrid_low_q1_regular_ridge,低销量指数平滑-常规Ridge混合,very_sparse,1,天气、温度、风力、活动日为历史同月日参考；节假日按2022清明日历设定；低销量组合使用问题一指数平滑，非低销量组合使用综合Ridge
2022-04-01,23,C地姜山店,11005780,大丰古法瓜子,包装坚果,多云,0,0,0,0.5641571760020855,hybrid_low_q1_regular_ridge,低销量指数平滑-常规Ridge混合,regular,0,天气、温度、风力、活动日为历史同月日参考；节假日按2022清明日历设定；低销量组合使用问题一指数平滑，非低销量组合使用综合Ridge
2022-04-01,23,C地姜山店,11008516,李子柒螺蛳粉335g,速食类,多云,0,0,0,1.0090892823416309,hybrid_low_q1_regular_ridge,低销量指数平滑-常规Ridge混合,intermittent,0,天气、温度、风力、活动日为历史同月日参考；节假日按2022清明日历设定；低销量组合使用问题一指数平滑，非低销量组合使用综合Ridge
2022-04-01,23,C地姜山店,12000134,百事可乐600ml,碳酸饮料,多云,0,0,0,1.2710579395152677,hybrid_low_q1_regular_ridge,低销量指数平滑-常规Ridge混合,regular,0,天气、温度、风力、活动日为历史同月日参考；节假日按2022清明日历设定；低销量组合使用问题一指数平滑，非低销量组合使用综合Ridge
2022-04-01,23,C地姜山店,12000292,红牛,功能饮料,多云,0,0,0,3.2900797854618813,hybrid_low_q1_regular_ridge,低销量指数平滑-常规Ridge混合,regular,0,天气、温度、风力、活动日为历史同月日参考；节假日按2022清明日历设定；低销量组合使用问题一指数平滑，非低销量组合使用综合Ridge
2022-04-01,23,C地姜山店,12001131,旺仔牛奶,乳类饮品,多云,0,0,0,0.577765713271563,hybrid_low_q1_regular_ridge,低销量指数平滑-常规Ridge混合,intermittent,0,天气、温度、风力、活动日为历史同月日参考；节假日按2022清明日历设定；低销量组合使用问题一指数平滑，非低销量组合使用综合Ridge
2022-04-01,47,C地桑田路店,11000405,百事可乐330ml,碳酸饮料,多云,0,0,0,1.0203646913761588,hybrid_low_q1_regular_ridge,低销量指数平滑-常规Ridge混合,volatile,0,天气、温度、风力、活动日为历史同月日参考；节假日按2022清明日历设定；低销量组合使用问题一指数平滑，非低销量组合使用综合Ridge
2022-04-01,47,C地桑田路店,11001020,韩国海牌海苔 / 韩国海飘海苔,包装海苔,多云,0,0,0,1.5593298442620185,hybrid_low_q1_regular_ridge,低销量指数平滑-常规Ridge混合,volatile,0,天气、温度、风力、活动日为历史同月日参考；节假日按2022清明日历设定；低销量组合使用问题一指数平滑，非低销量组合使用综合Ridge
2022-04-01,47,C地桑田路店,11002170,三养辣火鸡味拌面,速食类,多云,0,0,0,0.5434370582394912,hybrid_low_q1_regular_ridge,低销量指数平滑-常规Ridge混合,low_volume_intermittent,1,天气、温度、风力、活动日为历史同月日参考；节假日按2022清明日历设定；低销量组合使用问题一指数平滑，非低销量组合使用综合Ridge
2022-04-01,47,C地桑田路店,11002561,乡吧哥蜜汁鸡翅,包装散称,多云,0,0,0,5.994067660000006,hybrid_low_q1_regular_ridge,低销量指数平滑-常规Ridge混合,regular,0,天气、温度、风力、活动日为历史同月日参考；节假日按2022清明日历设定；低销量组合使用问题一指数平滑，非低销量组合使用综合Ridge
2022-04-01,47,C地桑田路店,11002605,老板仔香脆海苔卷（原味）,包装海苔,多云,0,0,0,0.7150653358875563,hybrid_low_q1_regular_ridge,低销量指数平滑-常规Ridge混合,intermittent,0,天气、温度、风力、活动日为历史同月日参考；节假日按2022清明日历设定；低销量组合使用问题一指数平滑，非低销量组合使用综合Ridge
2022-04-01,47,C地桑田路店,11005780,大丰古法瓜子,包装坚果,多云,0,0,0,0.8986140251546175,hybrid_low_q1_regular_ridge,低销量指数平滑-常规Ridge混合,intermittent,0,天气、温度、风力、活动日为历史同月日参考；节假日按2022清明日历设定；低销量组合使用问题一指数平滑，非低销量组合使用综合Ridge
2022-04-01,47,C地桑田路店,11008516,李子柒螺蛳粉335g,速食类,多云,0,0,0,0.7740705311591362,hybrid_low_q1_regular_ridge,低销量指数平滑-常规Ridge混合,low_volume_intermittent,1,天气、温度、风力、活动日为历史同月日参考；节假日按2022清明日历设定；低销量组合使用问题一指数平滑，非低销量组合使用综合Ridge
2022-04-01,47,C地桑田路店,11008644,洽洽早餐每日坚果（燕麦片）,包装冲饮,多云,0,0,0,0.0,hybrid_low_q1_regular_ridge,低销量指数平滑-常规Ridge混合,very_sparse,1,天气、温度、风力、活动日为历史同月日参考；节假日按2022清明日历设定；低销量组合使用问题一指数平滑，非低销量组合使用综合Ridge
2022-04-01,47,C地桑田路店,12000134,百事可乐600ml,碳酸饮料,多云,0,0,0,1.8516383349298065,hybrid_low_q1_regular_ridge,低销量指数平滑-常规Ridge混合,regular,0,天气、温度、风力、活动日为历史同月日参考；节假日按2022清明日历设定；低销量组合使用问题一指数平滑，非低销量组合使用综合Ridge
2022-04-01,47,C地桑田路店,12000292,红牛,功能饮料,多云,0,0,0,2.524372450345047,hybrid_low_q1_regular_ridge,低销量指数平滑-常规Ridge混合,volatile,0,天气、温度、风力、活动日为历史同月日参考；节假日按2022清明日历设定；低销量组合使用问题一指数平滑，非低销量组合使用综合Ridge
2022-04-01,47,C地桑田路店,12001131,旺仔牛奶,乳类饮品,多云,0,0,0,1.1138481047657192,hybrid_low_q1_regular_ridge,低销量指数平滑-常规Ridge混合,intermittent,0,天气、温度、风力、活动日为历史同月日参考；节假日按2022清明日历设定；低销量组合使用问题一指数平滑，非低销量组合使用综合Ridge
2022-04-01,69,B地江山店店,11000405,百事可乐330ml,碳酸饮料,多云,0,0,0,2.776927982988416,hybrid_low_q1_regular_ridge,低销量指数平滑-常规Ridge混合,regular,0,天气、温度、风力、活动日为历史同月日参考；节假日按2022清明日历设定；低销量组合使用问题一指数平滑，非低销量组合使用综合Ridge
2022-04-01,69,B地江山店店,11001020,韩国海牌海苔 / 韩国海飘海苔,包装海苔,多云,0,0,0,1.0079344118436269,hybrid_low_q1_regular_ridge,低销量指数平滑-常规Ridge混合,intermittent,0,天气、温度、风力、活动日为历史同月日参考；节假日按2022清明日历设定；低销量组合使用问题一指数平滑，非低销量组合使用综合Ridge
2022-04-01,69,B地江山店店,11002170,三养辣火鸡味拌面,速食类,多云,0,0,0,0.5239870553017352,hybrid_low_q1_regular_ridge,低销量指数平滑-常规Ridge混合,low_volume_intermittent,1,天气、温度、风力、活动日为历史同月日参考；节假日按2022清明日历设定；低销量组合使用问题一指数平滑，非低销量组合使用综合Ridge
2022-04-01,69,B地江山店店,11002561,乡吧哥蜜汁鸡翅,包装散称,多云,0,0,0,20.918606938365382,hybrid_low_q1_regular_ridge,低销量指数平滑-常规Ridge混合,volatile,0,天气、温度、风力、活动日为历史同月日参考；节假日按2022清明日历设定；低销量组合使用问题一指数平滑，非低销量组合使用综合Ridge
2022-04-01,69,B地江山店店,11002605,老板仔香脆海苔卷（原味）,包装海苔,多云,0,0,0,0.4623746990995689,hybrid_low_q1_regular_ridge,低销量指数平滑-常规Ridge混合,intermittent,0,天气、温度、风力、活动日为历史同月日参考；节假日按2022清明日历设定；低销量组合使用问题一指数平滑，非低销量组合使用综合Ridge
2022-04-01,69,B地江山店店,11005780,大丰古法瓜子,包装坚果,多云,0,0,0,1.7630938872829112,hybrid_low_q1_regular_ridge,低销量指数平滑-常规Ridge混合,regular,0,天气、温度、风力、活动日为历史同月日参考；节假日按2022清明日历设定；低销量组合使用问题一指数平滑，非低销量组合使用综合Ridge
2022-04-01,69,B地江山店店,11008516,李子柒螺蛳粉335g,速食类,多云,0,0,0,1.489773032056853,hybrid_low_q1_regular_ridge,低销量指数平滑-常规Ridge混合,intermittent,0,天气、温度、风力、活动日为历史同月日参考；节假日按2022清明日历设定；低销量组合使用问题一指数平滑，非低销量组合使用综合Ridge
2022-04-01,69,B地江山店店,11008644,洽洽早餐每日坚果（燕麦片）,包装冲饮,多云,0,0,0,0.0,hybrid_low_q1_regular_ridge,低销量指数平滑-常规Ridge混合,very_sparse,1,天气、温度、风力、活动日为历史同月日参考；节假日按2022清明日历设定；低销量组合使用问题一指数平滑，非低销量组合使用综合Ridge
2022-04-01,69,B地江山店店,12000134,百事可乐600ml,碳酸饮料,多云,0,0,0,4.912991914308481,hybrid_low_q1_regular_ridge,低销量指数平滑-常规Ridge混合,regular,0,天气、温度、风力、活动日为历史同月日参考；节假日按2022清明日历设定；低销量组合使用问题一指数平滑，非低销量组合使用综合Ridge
2022-04-01,69,B地江山店店,12000292,红牛,功能饮料,多云,0,0,0,5.91760921274636,hybrid_low_q1_regular_ridge,低销量指数平滑-常规Ridge混合,volatile,0,天气、温度、风力、活动日为历史同月日参考；节假日按2022清明日历设定；低销量组合使用问题一指数平滑，非低销量组合使用综合Ridge
2022-04-01,69,B地江山店店,12001131,旺仔牛奶,乳类饮品,多云,0,0,0,1.2693700679793,hybrid_low_q1_regular_ridge,低销量指数平滑-常规Ridge混合,volatile,0,天气、温度、风力、活动日为历史同月日参考；节假日按2022清明日历设定；低销量组合使用问题一指数平滑，非低销量组合使用综合Ridge
2022-04-01,178,C地五乡镇店,11000405,百事可乐330ml,碳酸饮料,多云,0,0,0,4.640000015470197,hybrid_low_q1_regular_ridge,低销量指数平滑-常规Ridge混合,low_volume_intermittent,1,天气、温度、风力、活动日为历史同月日参考；节假日按2022清明日历设定；低销量组合使用问题一指数平滑，非低销量组合使用综合Ridge
2022-04-01,178,C地五乡镇店,11001020,韩国海牌海苔 / 韩国海飘海苔,包装海苔,多云,0,0,0,0.7295984385605847,hybrid_low_q1_regular_ridge,低销量指数平滑-常规Ridge混合,intermittent,0,天气、温度、风力、活动日为历史同月日参考；节假日按2022清明日历设定；低销量组合使用问题一指数平滑，非低销量组合使用综合Ridge
2022-04-01,178,C地五乡镇店,11002170,三养辣火鸡味拌面,速食类,多云,0,0,0,0.824312039511178,hybrid_low_q1_regular_ridge,低销量指数平滑-常规Ridge混合,intermittent,0,天气、温度、风力、活动日为历史同月日参考；节假日按2022清明日历设定；低销量组合使用问题一指数平滑，非低销量组合使用综合Ridge
2022-04-01,178,C地五乡镇店,11002561,乡吧哥蜜汁鸡翅,包装散称,多云,0,0,0,8.13796607830909,hybrid_low_q1_regular_ridge,低销量指数平滑-常规Ridge混合,intermittent,0,天气、温度、风力、活动日为历史同月日参考；节假日按2022清明日历设定；低销量组合使用问题一指数平滑，非低销量组合使用综合Ridge
2022-04-01,178,C地五乡镇店,11002605,老板仔香脆海苔卷（原味）,包装海苔,多云,0,0,0,0.0,hybrid_low_q1_regular_ridge,低销量指数平滑-常规Ridge混合,very_sparse,1,天气、温度、风力、活动日为历史同月日参考；节假日按2022清明日历设定；低销量组合使用问题一指数平滑，非低销量组合使用综合Ridge
2022-04-01,178,C地五乡镇店,11004973,特仑苏纯牛奶,乳类饮品,多云,0,0,0,0.3008152635344523,hybrid_low_q1_regular_ridge,低销量指数平滑-常规Ridge混合,very_sparse,1,天气、温度、风力、活动日为历史同月日参考；节假日按2022清明日历设定；低销量组合使用问题一指数平滑，非低销量组合使用综合Ridge
2022-04-01,178,C地五乡镇店,11005780,大丰古法瓜子,包装坚果,多云,0,0,0,0.8730901937474458,hybrid_low_q1_regular_ridge,低销量指数平滑-常规Ridge混合,low_volume_intermittent,1,天气、温度、风力、活动日为历史同月日参考；节假日按2022清明日历设定；低销量组合使用问题一指数平滑，非低销量组合使用综合Ridge
2022-04-01,178,C地五乡镇店,11008516,李子柒螺蛳粉335g,速食类,多云,0,0,0,2.1781314744659017,hybrid_low_q1_regular_ridge,低销量指数平滑-常规Ridge混合,intermittent,0,天气、温度、风力、活动日为历史同月日参考；节假日按2022清明日历设定；低销量组合使用问题一指数平滑，非低销量组合使用综合Ridge
2022-04-01,178,C地五乡镇店,12000134,百事可乐600ml,碳酸饮料,多云,0,0,0,2.6052247419058934,hybrid_low_q1_regular_ridge,低销量指数平滑-常规Ridge混合,intermittent,0,天气、温度、风力、活动日为历史同月日参考；节假日按2022清明日历设定；低销量组合使用问题一指数平滑，非低销量组合使用综合Ridge
2022-04-01,178,C地五乡镇店,12000292,红牛,功能饮料,多云,0,0,0,16.813548752043765,hybrid_low_q1_regular_ridge,低销量指数平滑-常规Ridge混合,volatile,0,天气、温度、风力、活动日为历史同月日参考；节假日按2022清明日历设定；低销量组合使用问题一指数平滑，非低销量组合使用综合Ridge
2022-04-01,178,C地五乡镇店,12001131,旺仔牛奶,乳类饮品,多云,0,0,0,3.539545736320373,hybrid_low_q1_regular_ridge,低销量指数平滑-常规Ridge混合,intermittent,0,天气、温度、风力、活动日为历史同月日参考；节假日按2022清明日历设定；低销量组合使用问题一指数平滑，非低销量组合使用综合Ridge
2022-04-01,276,A地双桥路店,11000405,百事可乐330ml,碳酸饮料,多云,0,0,0,0.2689054531264976,hybrid_low_q1_regular_ridge,低销量指数平滑-常规Ridge混合,very_sparse,1,天气、温度、风力、活动日为历史同月日参考；节假日按2022清明日历设定；低销量组合使用问题一指数平滑，非低销量组合使用综合Ridge
2022-04-01,276,A地双桥路店,11001020,韩国海牌海苔 / 韩国海飘海苔,包装海苔,多云,0,0,0,0.07778432375348415,hybrid_low_q1_regular_ridge,低销量指数平滑-常规Ridge混合,very_sparse,1,天气、温度、风力、活动日为历史同月日参考；节假日按2022清明日历设定；低销量组合使用问题一指数平滑，非低销量组合使用综合Ridge
2022-04-01,276,A地双桥路店,11002170,三养辣火鸡味拌面,速食类,多云,0,0,0,0.13194093933423176,hybrid_low_q1_regular_ridge,低销量指数平滑-常规Ridge混合,very_sparse,1,天气、温度、风力、活动日为历史同月日参考；节假日按2022清明日历设定；低销量组合使用问题一指数平滑，非低销量组合使用综合Ridge
2022-04-01,276,A地双桥路店,11002561,乡吧哥蜜汁鸡翅,包装散称,多云,0,0,0,0.32597375512041915,hybrid_low_q1_regular_ridge,低销量指数平滑-常规Ridge混合,very_sparse,1,天气、温度、风力、活动日为历史同月日参考；节假日按2022清明日历设定；低销量组合使用问题一指数平滑，非低销量组合使用综合Ridge
2022-04-01,276,A地双桥路店,11002605,老板仔香脆海苔卷（原味）,包装海苔,多云,0,0,0,0.10321785142313555,hybrid_low_q1_regular_ridge,低销量指数平滑-常规Ridge混合,very_sparse,1,天气、温度、风力、活动日为历史同月日参考；节假日按2022清明日历设定；低销量组合使用问题一指数平滑，非低销量组合使用综合Ridge
2022-04-01,276,A地双桥路店,11005780,大丰古法瓜子,包装坚果,多云,0,0,0,0.0,hybrid_low_q1_regular_ridge,低销量指数平滑-常规Ridge混合,very_sparse,1,天气、温度、风力、活动日为历史同月日参考；节假日按2022清明日历设定；低销量组合使用问题一指数平滑，非低销量组合使用综合Ridge
2022-04-01,276,A地双桥路店,11008516,李子柒螺蛳粉335g,速食类,多云,0,0,0,0.0,hybrid_low_q1_regular_ridge,低销量指数平滑-常规Ridge混合,very_sparse,1,天气、温度、风力、活动日为历史同月日参考；节假日按2022清明日历设定；低销量组合使用问题一指数平滑，非低销量组合使用综合Ridge
2022-04-01,276,A地双桥路店,12000134,百事可乐600ml,碳酸饮料,多云,0,0,0,0.43283342937486996,hybrid_low_q1_regular_ridge,低销量指数平滑-常规Ridge混合,very_sparse,1,天气、温度、风力、活动日为历史同月日参考；节假日按2022清明日历设定；低销量组合使用问题一指数平滑，非低销量组合使用综合Ridge
2022-04-01,276,A地双桥路店,12000292,红牛,功能饮料,多云,0,0,0,1.007961605577367,hybrid_low_q1_regular_ridge,低销量指数平滑-常规Ridge混合,very_sparse,1,天气、温度、风力、活动日为历史同月日参考；节假日按2022清明日历设定；低销量组合使用问题一指数平滑，非低销量组合使用综合Ridge
2022-04-01,276,A地双桥路店,12001131,旺仔牛奶,乳类饮品,多云,0,0,0,0.06234072488811535,hybrid_low_q1_regular_ridge,低销量指数平滑-常规Ridge混合,very_sparse,1,天气、温度、风力、活动日为历史同月日参考；节假日按2022清明日历设定；低销量组合使用问题一指数平滑，非低销量组合使用综合Ridge
2022-04-02,14,C地彩虹南路店,11000405,百事可乐330ml,碳酸饮料,多云,0,1,0,2.6444193985594198,hybrid_low_q1_regular_ridge,低销量指数平滑-常规Ridge混合,volatile,0,天气、温度、风力、活动日为历史同月日参考；节假日按2022清明日历设定；低销量组合使用问题一指数平滑，非低销量组合使用综合Ridge
2022-04-02,14,C地彩虹南路店,11001020,韩国海牌海苔 / 韩国海飘海苔,包装海苔,多云,0,1,0,0.4990013062124698,hybrid_low_q1_regular_ridge,低销量指数平滑-常规Ridge混合,intermittent,0,天气、温度、风力、活动日为历史同月日参考；节假日按2022清明日历设定；低销量组合使用问题一指数平滑，非低销量组合使用综合Ridge
2022-04-02,14,C地彩虹南路店,11002170,三养辣火鸡味拌面,速食类,多云,0,1,0,0.2656404976078264,hybrid_low_q1_regular_ridge,低销量指数平滑-常规Ridge混合,very_sparse,1,天气、温度、风力、活动日为历史同月日参考；节假日按2022清明日历设定；低销量组合使用问题一指数平滑，非低销量组合使用综合Ridge
2022-04-02,14,C地彩虹南路店,11002561,乡吧哥蜜汁鸡翅,包装散称,多云,0,1,0,4.444024425988635,hybrid_low_q1_regular_ridge,低销量指数平滑-常规Ridge混合,volatile,0,天气、温度、风力、活动日为历史同月日参考；节假日按2022清明日历设定；低销量组合使用问题一指数平滑，非低销量组合使用综合Ridge
2022-04-02,14,C地彩虹南路店,11002605,老板仔香脆海苔卷（原味）,包装海苔,多云,0,1,0,0.00011138275022715138,hybrid_low_q1_regular_ridge,低销量指数平滑-常规Ridge混合,low_volume_intermittent,1,天气、温度、风力、活动日为历史同月日参考；节假日按2022清明日历设定；低销量组合使用问题一指数平滑，非低销量组合使用综合Ridge
2022-04-02,14,C地彩虹南路店,11004973,特仑苏纯牛奶,乳类饮品,多云,0,1,0,0.4983630880475971,hybrid_low_q1_regular_ridge,低销量指数平滑-常规Ridge混合,intermittent,0,天气、温度、风力、活动日为历史同月日参考；节假日按2022清明日历设定；低销量组合使用问题一指数平滑，非低销量组合使用综合Ridge
2022-04-02,14,C地彩虹南路店,11005780,大丰古法瓜子,包装坚果,多云,0,1,0,0.5243533827567619,hybrid_low_q1_regular_ridge,低销量指数平滑-常规Ridge混合,regular,0,天气、温度、风力、活动日为历史同月日参考；节假日按2022清明日历设定；低销量组合使用问题一指数平滑，非低销量组合使用综合Ridge
2022-04-02,14,C地彩虹南路店,11008516,李子柒螺蛳粉335g,速食类,多云,0,1,0,1.7812264202845633,hybrid_low_q1_regular_ridge,低销量指数平滑-常规Ridge混合,low_volume_intermittent,1,天气、温度、风力、活动日为历史同月日参考；节假日按2022清明日历设定；低销量组合使用问题一指数平滑，非低销量组合使用综合Ridge
2022-04-02,14,C地彩虹南路店,11008644,洽洽早餐每日坚果（燕麦片）,包装冲饮,多云,0,1,0,0.0,hybrid_low_q1_regular_ridge,低销量指数平滑-常规Ridge混合,very_sparse,1,天气、温度、风力、活动日为历史同月日参考；节假日按2022清明日历设定；低销量组合使用问题一指数平滑，非低销量组合使用综合Ridge
2022-04-02,14,C地彩虹南路店,12000134,百事可乐600ml,碳酸饮料,多云,0,1,0,1.23456029956451,hybrid_low_q1_regular_ridge,低销量指数平滑-常规Ridge混合,regular,0,天气、温度、风力、活动日为历史同月日参考；节假日按2022清明日历设定；低销量组合使用问题一指数平滑，非低销量组合使用综合Ridge
2022-04-02,14,C地彩虹南路店,12000292,红牛,功能饮料,多云,0,1,0,6.05602121355763,hybrid_low_q1_regular_ridge,低销量指数平滑-常规Ridge混合,regular,0,天气、温度、风力、活动日为历史同月日参考；节假日按2022清明日历设定；低销量组合使用问题一指数平滑，非低销量组合使用综合Ridge
2022-04-02,14,C地彩虹南路店,12001131,旺仔牛奶,乳类饮品,多云,0,1,0,2.093045488829415,hybrid_low_q1_regular_ridge,低销量指数平滑-常规Ridge混合,intermittent,0,天气、温度、风力、活动日为历史同月日参考；节假日按2022清明日历设定；低销量组合使用问题一指数平滑，非低销量组合使用综合Ridge
2022-04-02,18,A地天九街店,11000405,百事可乐330ml,碳酸饮料,多云,0,1,0,3.8820956645329967,hybrid_low_q1_regular_ridge,低销量指数平滑-常规Ridge混合,intermittent,0,天气、温度、风力、活动日为历史同月日参考；节假日按2022清明日历设定；低销量组合使用问题一指数平滑，非低销量组合使用综合Ridge
2022-04-02,18,A地天九街店,11001020,韩国海牌海苔 / 韩国海飘海苔,包装海苔,多云,0,1,0,1.718251981868136,hybrid_low_q1_regular_ridge,低销量指数平滑-常规Ridge混合,intermittent,0,天气、温度、风力、活动日为历史同月日参考；节假日按2022清明日历设定；低销量组合使用问题一指数平滑，非低销量组合使用综合Ridge
2022-04-02,18,A地天九街店,11002170,三养辣火鸡味拌面,速食类,多云,0,1,0,0.6837584841239029,hybrid_low_q1_regular_ridge,低销量指数平滑-常规Ridge混合,low_volume_intermittent,1,天气、温度、风力、活动日为历史同月日参考；节假日按2022清明日历设定；低销量组合使用问题一指数平滑，非低销量组合使用综合Ridge
2022-04-02,18,A地天九街店,11002561,乡吧哥蜜汁鸡翅,包装散称,多云,0,1,0,5.151178266791991,hybrid_low_q1_regular_ridge,低销量指数平滑-常规Ridge混合,intermittent,0,天气、温度、风力、活动日为历史同月日参考；节假日按2022清明日历设定；低销量组合使用问题一指数平滑，非低销量组合使用综合Ridge
2022-04-02,18,A地天九街店,11002605,老板仔香脆海苔卷（原味）,包装海苔,多云,0,1,0,0.6106191011840001,hybrid_low_q1_regular_ridge,低销量指数平滑-常规Ridge混合,very_sparse,1,天气、温度、风力、活动日为历史同月日参考；节假日按2022清明日历设定；低销量组合使用问题一指数平滑，非低销量组合使用综合Ridge
2022-04-02,18,A地天九街店,11005780,大丰古法瓜子,包装坚果,多云,0,1,0,1.821425934215304,hybrid_low_q1_regular_ridge,低销量指数平滑-常规Ridge混合,intermittent,0,天气、温度、风力、活动日为历史同月日参考；节假日按2022清明日历设定；低销量组合使用问题一指数平滑，非低销量组合使用综合Ridge
2022-04-02,18,A地天九街店,11008516,李子柒螺蛳粉335g,速食类,多云,0,1,0,2.3278771174275164e-05,hybrid_low_q1_regular_ridge,低销量指数平滑-常规Ridge混合,very_sparse,1,天气、温度、风力、活动日为历史同月日参考；节假日按2022清明日历设定；低销量组合使用问题一指数平滑，非低销量组合使用综合Ridge
2022-04-02,18,A地天九街店,12000134,百事可乐600ml,碳酸饮料,多云,0,1,0,3.290541739797644,hybrid_low_q1_regular_ridge,低销量指数平滑-常规Ridge混合,intermittent,0,天气、温度、风力、活动日为历史同月日参考；节假日按2022清明日历设定；低销量组合使用问题一指数平滑，非低销量组合使用综合Ridge
2022-04-02,18,A地天九街店,12000292,红牛,功能饮料,多云,0,1,0,14.718637279039203,hybrid_low_q1_regular_ridge,低销量指数平滑-常规Ridge混合,intermittent,0,天气、温度、风力、活动日为历史同月日参考；节假日按2022清明日历设定；低销量组合使用问题一指数平滑，非低销量组合使用综合Ridge
2022-04-02,18,A地天九街店,12001131,旺仔牛奶,乳类饮品,多云,0,1,0,2.51114569547281,hybrid_low_q1_regular_ridge,低销量指数平滑-常规Ridge混合,intermittent,0,天气、温度、风力、活动日为历史同月日参考；节假日按2022清明日历设定；低销量组合使用问题一指数平滑，非低销量组合使用综合Ridge
2022-04-02,23,C地姜山店,11000405,百事可乐330ml,碳酸饮料,多云,0,1,0,1.732780132975539,hybrid_low_q1_regular_ridge,低销量指数平滑-常规Ridge混合,intermittent,0,天气、温度、风力、活动日为历史同月日参考；节假日按2022清明日历设定；低销量组合使用问题一指数平滑，非低销量组合使用综合Ridge
2022-04-02,23,C地姜山店,11001020,韩国海牌海苔 / 韩国海飘海苔,包装海苔,多云,0,1,0,0.8277973852958631,hybrid_low_q1_regular_ridge,低销量指数平滑-常规Ridge混合,regular,0,天气、温度、风力、活动日为历史同月日参考；节假日按2022清明日历设定；低销量组合使用问题一指数平滑，非低销量组合使用综合Ridge
2022-04-02,23,C地姜山店,11002170,三养辣火鸡味拌面,速食类,多云,0,1,0,1.305728395949643,hybrid_low_q1_regular_ridge,低销量指数平滑-常规Ridge混合,low_volume_intermittent,1,天气、温度、风力、活动日为历史同月日参考；节假日按2022清明日历设定；低销量组合使用问题一指数平滑，非低销量组合使用综合Ridge
2022-04-02,23,C地姜山店,11002561,乡吧哥蜜汁鸡翅,包装散称,多云,0,1,0,15.238025156423255,hybrid_low_q1_regular_ridge,低销量指数平滑-常规Ridge混合,volatile,0,天气、温度、风力、活动日为历史同月日参考；节假日按2022清明日历设定；低销量组合使用问题一指数平滑，非低销量组合使用综合Ridge
2022-04-02,23,C地姜山店,11002605,老板仔香脆海苔卷（原味）,包装海苔,多云,0,1,0,0.5328184791259223,hybrid_low_q1_regular_ridge,低销量指数平滑-常规Ridge混合,intermittent,0,天气、温度、风力、活动日为历史同月日参考；节假日按2022清明日历设定；低销量组合使用问题一指数平滑，非低销量组合使用综合Ridge
2022-04-02,23,C地姜山店,11004973,特仑苏纯牛奶,乳类饮品,多云,0,1,0,0.0005453125873052109,hybrid_low_q1_regular_ridge,低销量指数平滑-常规Ridge混合,very_sparse,1,天气、温度、风力、活动日为历史同月日参考；节假日按2022清明日历设定；低销量组合使用问题一指数平滑，非低销量组合使用综合Ridge
2022-04-02,23,C地姜山店,11005780,大丰古法瓜子,包装坚果,多云,0,1,0,0.9809167242433136,hybrid_low_q1_regular_ridge,低销量指数平滑-常规Ridge混合,regular,0,天气、温度、风力、活动日为历史同月日参考；节假日按2022清明日历设定；低销量组合使用问题一指数平滑，非低销量组合使用综合Ridge
2022-04-02,23,C地姜山店,11008516,李子柒螺蛳粉335g,速食类,多云,0,1,0,1.3631959331568646,hybrid_low_q1_regular_ridge,低销量指数平滑-常规Ridge混合,intermittent,0,天气、温度、风力、活动日为历史同月日参考；节假日按2022清明日历设定；低销量组合使用问题一指数平滑，非低销量组合使用综合Ridge
2022-04-02,23,C地姜山店,12000134,百事可乐600ml,碳酸饮料,多云,0,1,0,1.556018074749052,hybrid_low_q1_regular_ridge,低销量指数平滑-常规Ridge混合,regular,0,天气、温度、风力、活动日为历史同月日参考；节假日按2022清明日历设定；低销量组合使用问题一指数平滑，非低销量组合使用综合Ridge
2022-04-02,23,C地姜山店,12000292,红牛,功能饮料,多云,0,1,0,3.83698231446862,hybrid_low_q1_regular_ridge,低销量指数平滑-常规Ridge混合,regular,0,天气、温度、风力、活动日为历史同月日参考；节假日按2022清明日历设定；低销量组合使用问题一指数平滑，非低销量组合使用综合Ridge
2022-04-02,23,C地姜山店,12001131,旺仔牛奶,乳类饮品,多云,0,1,0,1.024135879695499,hybrid_low_q1_regular_ridge,低销量指数平滑-常规Ridge混合,intermittent,0,天气、温度、风力、活动日为历史同月日参考；节假日按2022清明日历设定；低销量组合使用问题一指数平滑，非低销量组合使用综合Ridge
2022-04-02,47,C地桑田路店,11000405,百事可乐330ml,碳酸饮料,多云,0,1,0,1.5154028449046173,hybrid_low_q1_regular_ridge,低销量指数平滑-常规Ridge混合,volatile,0,天气、温度、风力、活动日为历史同月日参考；节假日按2022清明日历设定；低销量组合使用问题一指数平滑，非低销量组合使用综合Ridge
2022-04-02,47,C地桑田路店,11001020,韩国海牌海苔 / 韩国海飘海苔,包装海苔,多云,0,1,0,2.089972412146932,hybrid_low_q1_regular_ridge,低销量指数平滑-常规Ridge混合,volatile,0,天气、温度、风力、活动日为历史同月日参考；节假日按2022清明日历设定；低销量组合使用问题一指数平滑，非低销量组合使用综合Ridge
2022-04-02,47,C地桑田路店,11002170,三养辣火鸡味拌面,速食类,多云,0,1,0,0.5434370582394912,hybrid_low_q1_regular_ridge,低销量指数平滑-常规Ridge混合,low_volume_intermittent,1,天气、温度、风力、活动日为历史同月日参考；节假日按2022清明日历设定；低销量组合使用问题一指数平滑，非低销量组合使用综合Ridge
2022-04-02,47,C地桑田路店,11002561,乡吧哥蜜汁鸡翅,包装散称,多云,0,1,0,6.783382262623457,hybrid_low_q1_regular_ridge,低销量指数平滑-常规Ridge混合,regular,0,天气、温度、风力、活动日为历史同月日参考；节假日按2022清明日历设定；低销量组合使用问题一指数平滑，非低销量组合使用综合Ridge
2022-04-02,47,C地桑田路店,11002605,老板仔香脆海苔卷（原味）,包装海苔,多云,0,1,0,1.2005052384346837,hybrid_low_q1_regular_ridge,低销量指数平滑-常规Ridge混合,intermittent,0,天气、温度、风力、活动日为历史同月日参考；节假日按2022清明日历设定；低销量组合使用问题一指数平滑，非低销量组合使用综合Ridge
2022-04-02,47,C地桑田路店,11005780,大丰古法瓜子,包装坚果,多云,0,1,0,1.4059694252572714,hybrid_low_q1_regular_ridge,低销量指数平滑-常规Ridge混合,intermittent,0,天气、温度、风力、活动日为历史同月日参考；节假日按2022清明日历设定；低销量组合使用问题一指数平滑，非低销量组合使用综合Ridge
2022-04-02,47,C地桑田路店,11008516,李子柒螺蛳粉335g,速食类,多云,0,1,0,0.7740705311591362,hybrid_low_q1_regular_ridge,低销量指数平滑-常规Ridge混合,low_volume_intermittent,1,天气、温度、风力、活动日为历史同月日参考；节假日按2022清明日历设定；低销量组合使用问题一指数平滑，非低销量组合使用综合Ridge
2022-04-02,47,C地桑田路店,11008644,洽洽早餐每日坚果（燕麦片）,包装冲饮,多云,0,1,0,0.0,hybrid_low_q1_regular_ridge,低销量指数平滑-常规Ridge混合,very_sparse,1,天气、温度、风力、活动日为历史同月日参考；节假日按2022清明日历设定；低销量组合使用问题一指数平滑，非低销量组合使用综合Ridge
2022-04-02,47,C地桑田路店,12000134,百事可乐600ml,碳酸饮料,多云,0,1,0,2.362679698489969,hybrid_low_q1_regular_ridge,低销量指数平滑-常规Ridge混合,regular,0,天气、温度、风力、活动日为历史同月日参考；节假日按2022清明日历设定；低销量组合使用问题一指数平滑，非低销量组合使用综合Ridge
2022-04-02,47,C地桑田路店,12000292,红牛,功能饮料,多云,0,1,0,3.000143067830749,hybrid_low_q1_regular_ridge,低销量指数平滑-常规Ridge混合,volatile,0,天气、温度、风力、活动日为历史同月日参考；节假日按2022清明日历设定；低销量组合使用问题一指数平滑，非低销量组合使用综合Ridge
2022-04-02,47,C地桑田路店,12001131,旺仔牛奶,乳类饮品,多云,0,1,0,1.5211395157700058,hybrid_low_q1_regular_ridge,低销量指数平滑-常规Ridge混合,intermittent,0,天气、温度、风力、活动日为历史同月日参考；节假日按2022清明日历设定；低销量组合使用问题一指数平滑，非低销量组合使用综合Ridge
2022-04-02,69,B地江山店店,11000405,百事可乐330ml,碳酸饮料,多云,0,1,0,3.5549106600908447,hybrid_low_q1_regular_ridge,低销量指数平滑-常规Ridge混合,regular,0,天气、温度、风力、活动日为历史同月日参考；节假日按2022清明日历设定；低销量组合使用问题一指数平滑，非低销量组合使用综合Ridge
2022-04-02,69,B地江山店店,11001020,韩国海牌海苔 / 韩国海飘海苔,包装海苔,多云,0,1,0,1.4835559004015035,hybrid_low_q1_regular_ridge,低销量指数平滑-常规Ridge混合,intermittent,0,天气、温度、风力、活动日为历史同月日参考；节假日按2022清明日历设定；低销量组合使用问题一指数平滑，非低销量组合使用综合Ridge
2022-04-02,69,B地江山店店,11002170,三养辣火鸡味拌面,速食类,多云,0,1,0,0.5239870553017352,hybrid_low_q1_regular_ridge,低销量指数平滑-常规Ridge混合,low_volume_intermittent,1,天气、温度、风力、活动日为历史同月日参考；节假日按2022清明日历设定；低销量组合使用问题一指数平滑，非低销量组合使用综合Ridge
2022-04-02,69,B地江山店店,11002561,乡吧哥蜜汁鸡翅,包装散称,多云,0,1,0,22.341788725285504,hybrid_low_q1_regular_ridge,低销量指数平滑-常规Ridge混合,volatile,0,天气、温度、风力、活动日为历史同月日参考；节假日按2022清明日历设定；低销量组合使用问题一指数平滑，非低销量组合使用综合Ridge
2022-04-02,69,B地江山店店,11002605,老板仔香脆海苔卷（原味）,包装海苔,多云,0,1,0,0.889954782598843,hybrid_low_q1_regular_ridge,低销量指数平滑-常规Ridge混合,intermittent,0,天气、温度、风力、活动日为历史同月日参考；节假日按2022清明日历设定；低销量组合使用问题一指数平滑，非低销量组合使用综合Ridge
2022-04-02,69,B地江山店店,11005780,大丰古法瓜子,包装坚果,多云,0,1,0,2.229797285226962,hybrid_low_q1_regular_ridge,低销量指数平滑-常规Ridge混合,regular,0,天气、温度、风力、活动日为历史同月日参考；节假日按2022清明日历设定；低销量组合使用问题一指数平滑，非低销量组合使用综合Ridge
2022-04-02,69,B地江山店店,11008516,李子柒螺蛳粉335g,速食类,多云,0,1,0,1.904488068738992,hybrid_low_q1_regular_ridge,低销量指数平滑-常规Ridge混合,intermittent,0,天气、温度、风力、活动日为历史同月日参考；节假日按2022清明日历设定；低销量组合使用问题一指数平滑，非低销量组合使用综合Ridge
2022-04-02,69,B地江山店店,11008644,洽洽早餐每日坚果（燕麦片）,包装冲饮,多云,0,1,0,0.0,hybrid_low_q1_regular_ridge,低销量指数平滑-常规Ridge混合,very_sparse,1,天气、温度、风力、活动日为历史同月日参考；节假日按2022清明日历设定；低销量组合使用问题一指数平滑，非低销量组合使用综合Ridge
2022-04-02,69,B地江山店店,12000134,百事可乐600ml,碳酸饮料,多云,0,1,0,5.547692858898932,hybrid_low_q1_regular_ridge,低销量指数平滑-常规Ridge混合,regular,0,天气、温度、风力、活动日为历史同月日参考；节假日按2022清明日历设定；低销量组合使用问题一指数平滑，非低销量组合使用综合Ridge
2022-04-02,69,B地江山店店,12000292,红牛,功能饮料,多云,0,1,0,5.926177920568051,hybrid_low_q1_regular_ridge,低销量指数平滑-常规Ridge混合,volatile,0,天气、温度、风力、活动日为历史同月日参考；节假日按2022清明日历设定；低销量组合使用问题一指数平滑，非低销量组合使用综合Ridge
2022-04-02,69,B地江山店店,12001131,旺仔牛奶,乳类饮品,多云,0,1,0,1.8042088395982945,hybrid_low_q1_regular_ridge,低销量指数平滑-常规Ridge混合,volatile,0,天气、温度、风力、活动日为历史同月日参考；节假日按2022清明日历设定；低销量组合使用问题一指数平滑，非低销量组合使用综合Ridge
2022-04-02,178,C地五乡镇店,11000405,百事可乐330ml,碳酸饮料,多云,0,1,0,4.640000015470197,hybrid_low_q1_regular_ridge,低销量指数平滑-常规Ridge混合,low_volume_intermittent,1,天气、温度、风力、活动日为历史同月日参考；节假日按2022清明日历设定；低销量组合使用问题一指数平滑，非低销量组合使用综合Ridge
2022-04-02,178,C地五乡镇店,11001020,韩国海牌海苔 / 韩国海飘海苔,包装海苔,多云,0,1,0,1.1888227360109287,hybrid_low_q1_regular_ridge,低销量指数平滑-常规Ridge混合,intermittent,0,天气、温度、风力、活动日为历史同月日参考；节假日按2022清明日历设定；低销量组合使用问题一指数平滑，非低销量组合使用综合Ridge
2022-04-02,178,C地五乡镇店,11002170,三养辣火鸡味拌面,速食类,多云,0,1,0,1.151961928563958,hybrid_low_q1_regular_ridge,低销量指数平滑-常规Ridge混合,intermittent,0,天气、温度、风力、活动日为历史同月日参考；节假日按2022清明日历设定；低销量组合使用问题一指数平滑，非低销量组合使用综合Ridge
2022-04-02,178,C地五乡镇店,11002561,乡吧哥蜜汁鸡翅,包装散称,多云,0,1,0,9.27403110439255,hybrid_low_q1_regular_ridge,低销量指数平滑-常规Ridge混合,intermittent,0,天气、温度、风力、活动日为历史同月日参考；节假日按2022清明日历设定；低销量组合使用问题一指数平滑，非低销量组合使用综合Ridge
2022-04-02,178,C地五乡镇店,11002605,老板仔香脆海苔卷（原味）,包装海苔,多云,0,1,0,0.0,hybrid_low_q1_regular_ridge,低销量指数平滑-常规Ridge混合,very_sparse,1,天气、温度、风力、活动日为历史同月日参考；节假日按2022清明日历设定；低销量组合使用问题一指数平滑，非低销量组合使用综合Ridge
2022-04-02,178,C地五乡镇店,11004973,特仑苏纯牛奶,乳类饮品,多云,0,1,0,0.3008152635344523,hybrid_low_q1_regular_ridge,低销量指数平滑-常规Ridge混合,very_sparse,1,天气、温度、风力、活动日为历史同月日参考；节假日按2022清明日历设定；低销量组合使用问题一指数平滑，非低销量组合使用综合Ridge
2022-04-02,178,C地五乡镇店,11005780,大丰古法瓜子,包装坚果,多云,0,1,0,0.8730901937474458,hybrid_low_q1_regular_ridge,低销量指数平滑-常规Ridge混合,low_volume_intermittent,1,天气、温度、风力、活动日为历史同月日参考；节假日按2022清明日历设定；低销量组合使用问题一指数平滑，非低销量组合使用综合Ridge
2022-04-02,178,C地五乡镇店,11008516,李子柒螺蛳粉335g,速食类,多云,0,1,0,2.559453197697535,hybrid_low_q1_regular_ridge,低销量指数平滑-常规Ridge混合,intermittent,0,天气、温度、风力、活动日为历史同月日参考；节假日按2022清明日历设定；低销量组合使用问题一指数平滑，非低销量组合使用综合Ridge
2022-04-02,178,C地五乡镇店,12000134,百事可乐600ml,碳酸饮料,多云,0,1,0,2.5536940996937907,hybrid_low_q1_regular_ridge,低销量指数平滑-常规Ridge混合,intermittent,0,天气、温度、风力、活动日为历史同月日参考；节假日按2022清明日历设定；低销量组合使用问题一指数平滑，非低销量组合使用综合Ridge
2022-04-02,178,C地五乡镇店,12000292,红牛,功能饮料,多云,0,1,0,17.057304883464273,hybrid_low_q1_regular_ridge,低销量指数平滑-常规Ridge混合,volatile,0,天气、温度、风力、活动日为历史同月日参考；节假日按2022清明日历设定；低销量组合使用问题一指数平滑，非低销量组合使用综合Ridge
2022-04-02,178,C地五乡镇店,12001131,旺仔牛奶,乳类饮品,多云,0,1,0,3.850658148750823,hybrid_low_q1_regular_ridge,低销量指数平滑-常规Ridge混合,intermittent,0,天气、温度、风力、活动日为历史同月日参考；节假日按2022清明日历设定；低销量组合使用问题一指数平滑，非低销量组合使用综合Ridge
2022-04-02,276,A地双桥路店,11000405,百事可乐330ml,碳酸饮料,多云,0,1,0,0.2689054531264976,hybrid_low_q1_regular_ridge,低销量指数平滑-常规Ridge混合,very_sparse,1,天气、温度、风力、活动日为历史同月日参考；节假日按2022清明日历设定；低销量组合使用问题一指数平滑，非低销量组合使用综合Ridge
2022-04-02,276,A地双桥路店,11001020,韩国海牌海苔 / 韩国海飘海苔,包装海苔,多云,0,1,0,0.07778432375348415,hybrid_low_q1_regular_ridge,低销量指数平滑-常规Ridge混合,very_sparse,1,天气、温度、风力、活动日为历史同月日参考；节假日按2022清明日历设定；低销量组合使用问题一指数平滑，非低销量组合使用综合Ridge
2022-04-02,276,A地双桥路店,11002170,三养辣火鸡味拌面,速食类,多云,0,1,0,0.13194093933423176,hybrid_low_q1_regular_ridge,低销量指数平滑-常规Ridge混合,very_sparse,1,天气、温度、风力、活动日为历史同月日参考；节假日按2022清明日历设定；低销量组合使用问题一指数平滑，非低销量组合使用综合Ridge
2022-04-02,276,A地双桥路店,11002561,乡吧哥蜜汁鸡翅,包装散称,多云,0,1,0,0.32597375512041915,hybrid_low_q1_regular_ridge,低销量指数平滑-常规Ridge混合,very_sparse,1,天气、温度、风力、活动日为历史同月日参考；节假日按2022清明日历设定；低销量组合使用问题一指数平滑，非低销量组合使用综合Ridge
2022-04-02,276,A地双桥路店,11002605,老板仔香脆海苔卷（原味）,包装海苔,多云,0,1,0,0.10321785142313557,hybrid_low_q1_regular_ridge,低销量指数平滑-常规Ridge混合,very_sparse,1,天气、温度、风力、活动日为历史同月日参考；节假日按2022清明日历设定；低销量组合使用问题一指数平滑，非低销量组合使用综合Ridge
2022-04-02,276,A地双桥路店,11005780,大丰古法瓜子,包装坚果,多云,0,1,0,0.0,hybrid_low_q1_regular_ridge,低销量指数平滑-常规Ridge混合,very_sparse,1,天气、温度、风力、活动日为历史同月日参考；节假日按2022清明日历设定；低销量组合使用问题一指数平滑，非低销量组合使用综合Ridge
2022-04-02,276,A地双桥路店,11008516,李子柒螺蛳粉335g,速食类,多云,0,1,0,0.0,hybrid_low_q1_regular_ridge,低销量指数平滑-常规Ridge混合,very_sparse,1,天气、温度、风力、活动日为历史同月日参考；节假日按2022清明日历设定；低销量组合使用问题一指数平滑，非低销量组合使用综合Ridge
2022-04-02,276,A地双桥路店,12000134,百事可乐600ml,碳酸饮料,多云,0,1,0,0.43283342937486996,hybrid_low_q1_regular_ridge,低销量指数平滑-常规Ridge混合,very_sparse,1,天气、温度、风力、活动日为历史同月日参考；节假日按2022清明日历设定；低销量组合使用问题一指数平滑，非低销量组合使用综合Ridge
2022-04-02,276,A地双桥路店,12000292,红牛,功能饮料,多云,0,1,0,1.007961605577367,hybrid_low_q1_regular_ridge,低销量指数平滑-常规Ridge混合,very_sparse,1,天气、温度、风力、活动日为历史同月日参考；节假日按2022清明日历设定；低销量组合使用问题一指数平滑，非低销量组合使用综合Ridge
2022-04-02,276,A地双桥路店,12001131,旺仔牛奶,乳类饮品,多云,0,1,0,0.06234072488811536,hybrid_low_q1_regular_ridge,低销量指数平滑-常规Ridge混合,very_sparse,1,天气、温度、风力、活动日为历史同月日参考；节假日按2022清明日历设定；低销量组合使用问题一指数平滑，非低销量组合使用综合Ridge
2022-04-03,14,C地彩虹南路店,11000405,百事可乐330ml,碳酸饮料,阴,1,1,0,2.6946246124007303,hybrid_low_q1_regular_ridge,低销量指数平滑-常规Ridge混合,volatile,0,天气、温度、风力、活动日为历史同月日参考；节假日按2022清明日历设定；低销量组合使用问题一指数平滑，非低销量组合使用综合Ridge
2022-04-03,14,C地彩虹南路店,11001020,韩国海牌海苔 / 韩国海飘海苔,包装海苔,阴,1,1,0,0.3326636093012094,hybrid_low_q1_regular_ridge,低销量指数平滑-常规Ridge混合,intermittent,0,天气、温度、风力、活动日为历史同月日参考；节假日按2022清明日历设定；低销量组合使用问题一指数平滑，非低销量组合使用综合Ridge
2022-04-03,14,C地彩虹南路店,11002170,三养辣火鸡味拌面,速食类,阴,1,1,0,0.2656404976078264,hybrid_low_q1_regular_ridge,低销量指数平滑-常规Ridge混合,very_sparse,1,天气、温度、风力、活动日为历史同月日参考；节假日按2022清明日历设定；低销量组合使用问题一指数平滑，非低销量组合使用综合Ridge
2022-04-03,14,C地彩虹南路店,11002561,乡吧哥蜜汁鸡翅,包装散称,阴,1,1,0,4.643730985819525,hybrid_low_q1_regular_ridge,低销量指数平滑-常规Ridge混合,volatile,0,天气、温度、风力、活动日为历史同月日参考；节假日按2022清明日历设定；低销量组合使用问题一指数平滑，非低销量组合使用综合Ridge
2022-04-03,14,C地彩虹南路店,11002605,老板仔香脆海苔卷（原味）,包装海苔,阴,1,1,0,0.0001113827502271514,hybrid_low_q1_regular_ridge,低销量指数平滑-常规Ridge混合,low_volume_intermittent,1,天气、温度、风力、活动日为历史同月日参考；节假日按2022清明日历设定；低销量组合使用问题一指数平滑，非低销量组合使用综合Ridge
2022-04-03,14,C地彩虹南路店,11004973,特仑苏纯牛奶,乳类饮品,阴,1,1,0,0.3865089157561401,hybrid_low_q1_regular_ridge,低销量指数平滑-常规Ridge混合,intermittent,0,天气、温度、风力、活动日为历史同月日参考；节假日按2022清明日历设定；低销量组合使用问题一指数平滑，非低销量组合使用综合Ridge
2022-04-03,14,C地彩虹南路店,11005780,大丰古法瓜子,包装坚果,阴,1,1,0,0.3049212566125483,hybrid_low_q1_regular_ridge,低销量指数平滑-常规Ridge混合,regular,0,天气、温度、风力、活动日为历史同月日参考；节假日按2022清明日历设定；低销量组合使用问题一指数平滑，非低销量组合使用综合Ridge
2022-04-03,14,C地彩虹南路店,11008516,李子柒螺蛳粉335g,速食类,阴,1,1,0,1.7812264202845633,hybrid_low_q1_regular_ridge,低销量指数平滑-常规Ridge混合,low_volume_intermittent,1,天气、温度、风力、活动日为历史同月日参考；节假日按2022清明日历设定；低销量组合使用问题一指数平滑，非低销量组合使用综合Ridge
2022-04-03,14,C地彩虹南路店,11008644,洽洽早餐每日坚果（燕麦片）,包装冲饮,阴,1,1,0,0.0,hybrid_low_q1_regular_ridge,低销量指数平滑-常规Ridge混合,very_sparse,1,天气、温度、风力、活动日为历史同月日参考；节假日按2022清明日历设定；低销量组合使用问题一指数平滑，非低销量组合使用综合Ridge
2022-04-03,14,C地彩虹南路店,12000134,百事可乐600ml,碳酸饮料,阴,1,1,0,1.212320974089222,hybrid_low_q1_regular_ridge,低销量指数平滑-常规Ridge混合,regular,0,天气、温度、风力、活动日为历史同月日参考；节假日按2022清明日历设定；低销量组合使用问题一指数平滑，非低销量组合使用综合Ridge
2022-04-03,14,C地彩虹南路店,12000292,红牛,功能饮料,阴,1,1,0,6.078464893833354,hybrid_low_q1_regular_ridge,低销量指数平滑-常规Ridge混合,regular,0,天气、温度、风力、活动日为历史同月日参考；节假日按2022清明日历设定；低销量组合使用问题一指数平滑，非低销量组合使用综合Ridge
2022-04-03,14,C地彩虹南路店,12001131,旺仔牛奶,乳类饮品,阴,1,1,0,1.606998997347078,hybrid_low_q1_regular_ridge,低销量指数平滑-常规Ridge混合,intermittent,0,天气、温度、风力、活动日为历史同月日参考；节假日按2022清明日历设定；低销量组合使用问题一指数平滑，非低销量组合使用综合Ridge
2022-04-03,18,A地天九街店,11000405,百事可乐330ml,碳酸饮料,阴,1,1,0,4.284258861227448,hybrid_low_q1_regular_ridge,低销量指数平滑-常规Ridge混合,intermittent,0,天气、温度、风力、活动日为历史同月日参考；节假日按2022清明日历设定；低销量组合使用问题一指数平滑，非低销量组合使用综合Ridge
2022-04-03,18,A地天九街店,11001020,韩国海牌海苔 / 韩国海飘海苔,包装海苔,阴,1,1,0,1.6360844377465256,hybrid_low_q1_regular_ridge,低销量指数平滑-常规Ridge混合,intermittent,0,天气、温度、风力、活动日为历史同月日参考；节假日按2022清明日历设定；低销量组合使用问题一指数平滑，非低销量组合使用综合Ridge
2022-04-03,18,A地天九街店,11002170,三养辣火鸡味拌面,速食类,阴,1,1,0,0.6837584841239029,hybrid_low_q1_regular_ridge,低销量指数平滑-常规Ridge混合,low_volume_intermittent,1,天气、温度、风力、活动日为历史同月日参考；节假日按2022清明日历设定；低销量组合使用问题一指数平滑，非低销量组合使用综合Ridge
2022-04-03,18,A地天九街店,11002561,乡吧哥蜜汁鸡翅,包装散称,阴,1,1,0,4.407976606371984,hybrid_low_q1_regular_ridge,低销量指数平滑-常规Ridge混合,intermittent,0,天气、温度、风力、活动日为历史同月日参考；节假日按2022清明日历设定；低销量组合使用问题一指数平滑，非低销量组合使用综合Ridge
2022-04-03,18,A地天九街店,11002605,老板仔香脆海苔卷（原味）,包装海苔,阴,1,1,0,0.6106191011840001,hybrid_low_q1_regular_ridge,低销量指数平滑-常规Ridge混合,very_sparse,1,天气、温度、风力、活动日为历史同月日参考；节假日按2022清明日历设定；低销量组合使用问题一指数平滑，非低销量组合使用综合Ridge
2022-04-03,18,A地天九街店,11005780,大丰古法瓜子,包装坚果,阴,1,1,0,1.4369743829029669,hybrid_low_q1_regular_ridge,低销量指数平滑-常规Ridge混合,intermittent,0,天气、温度、风力、活动日为历史同月日参考；节假日按2022清明日历设定；低销量组合使用问题一指数平滑，非低销量组合使用综合Ridge
2022-04-03,18,A地天九街店,11008516,李子柒螺蛳粉335g,速食类,阴,1,1,0,2.327877117427516e-05,hybrid_low_q1_regular_ridge,低销量指数平滑-常规Ridge混合,very_sparse,1,天气、温度、风力、活动日为历史同月日参考；节假日按2022清明日历设定；低销量组合使用问题一指数平滑，非低销量组合使用综合Ridge
2022-04-03,18,A地天九街店,12000134,百事可乐600ml,碳酸饮料,阴,1,1,0,3.2581568550251,hybrid_low_q1_regular_ridge,低销量指数平滑-常规Ridge混合,intermittent,0,天气、温度、风力、活动日为历史同月日参考；节假日按2022清明日历设定；低销量组合使用问题一指数平滑，非低销量组合使用综合Ridge
2022-04-03,18,A地天九街店,12000292,红牛,功能饮料,阴,1,1,0,14.577735315168212,hybrid_low_q1_regular_ridge,低销量指数平滑-常规Ridge混合,intermittent,0,天气、温度、风力、活动日为历史同月日参考；节假日按2022清明日历设定；低销量组合使用问题一指数平滑，非低销量组合使用综合Ridge
2022-04-03,18,A地天九街店,12001131,旺仔牛奶,乳类饮品,阴,1,1,0,2.012033497396259,hybrid_low_q1_regular_ridge,低销量指数平滑-常规Ridge混合,intermittent,0,天气、温度、风力、活动日为历史同月日参考；节假日按2022清明日历设定；低销量组合使用问题一指数平滑，非低销量组合使用综合Ridge
2022-04-03,23,C地姜山店,11000405,百事可乐330ml,碳酸饮料,阴,1,1,0,1.6247459516378542,hybrid_low_q1_regular_ridge,低销量指数平滑-常规Ridge混合,intermittent,0,天气、温度、风力、活动日为历史同月日参考；节假日按2022清明日历设定；低销量组合使用问题一指数平滑，非低销量组合使用综合Ridge
2022-04-03,23,C地姜山店,11001020,韩国海牌海苔 / 韩国海飘海苔,包装海苔,阴,1,1,0,0.5429266041378833,hybrid_low_q1_regular_ridge,低销量指数平滑-常规Ridge混合,regular,0,天气、温度、风力、活动日为历史同月日参考；节假日按2022清明日历设定；低销量组合使用问题一指数平滑，非低销量组合使用综合Ridge
2022-04-03,23,C地姜山店,11002170,三养辣火鸡味拌面,速食类,阴,1,1,0,1.305728395949643,hybrid_low_q1_regular_ridge,低销量指数平滑-常规Ridge混合,low_volume_intermittent,1,天气、温度、风力、活动日为历史同月日参考；节假日按2022清明日历设定；低销量组合使用问题一指数平滑，非低销量组合使用综合Ridge
2022-04-03,23,C地姜山店,11002561,乡吧哥蜜汁鸡翅,包装散称,阴,1,1,0,14.45015522252158,hybrid_low_q1_regular_ridge,低销量指数平滑-常规Ridge混合,volatile,0,天气、温度、风力、活动日为历史同月日参考；节假日按2022清明日历设定；低销量组合使用问题一指数平滑，非低销量组合使用综合Ridge
2022-04-03,23,C地姜山店,11002605,老板仔香脆海苔卷（原味）,包装海苔,阴,1,1,0,0.4053530638046341,hybrid_low_q1_regular_ridge,低销量指数平滑-常规Ridge混合,intermittent,0,天气、温度、风力、活动日为历史同月日参考；节假日按2022清明日历设定；低销量组合使用问题一指数平滑，非低销量组合使用综合Ridge
2022-04-03,23,C地姜山店,11004973,特仑苏纯牛奶,乳类饮品,阴,1,1,0,0.0005453125873052109,hybrid_low_q1_regular_ridge,低销量指数平滑-常规Ridge混合,very_sparse,1,天气、温度、风力、活动日为历史同月日参考；节假日按2022清明日历设定；低销量组合使用问题一指数平滑，非低销量组合使用综合Ridge
2022-04-03,23,C地姜山店,11005780,大丰古法瓜子,包装坚果,阴,1,1,0,0.7953683985113402,hybrid_low_q1_regular_ridge,低销量指数平滑-常规Ridge混合,regular,0,天气、温度、风力、活动日为历史同月日参考；节假日按2022清明日历设定；低销量组合使用问题一指数平滑，非低销量组合使用综合Ridge
2022-04-03,23,C地姜山店,11008516,李子柒螺蛳粉335g,速食类,阴,1,1,0,1.0467091002486515,hybrid_low_q1_regular_ridge,低销量指数平滑-常规Ridge混合,intermittent,0,天气、温度、风力、活动日为历史同月日参考；节假日按2022清明日历设定；低销量组合使用问题一指数平滑，非低销量组合使用综合Ridge
2022-04-03,23,C地姜山店,12000134,百事可乐600ml,碳酸饮料,阴,1,1,0,1.3410537278851604,hybrid_low_q1_regular_ridge,低销量指数平滑-常规Ridge混合,regular,0,天气、温度、风力、活动日为历史同月日参考；节假日按2022清明日历设定；低销量组合使用问题一指数平滑，非低销量组合使用综合Ridge
2022-04-03,23,C地姜山店,12000292,红牛,功能饮料,阴,1,1,0,3.5686455127380587,hybrid_low_q1_regular_ridge,低销量指数平滑-常规Ridge混合,regular,0,天气、温度、风力、活动日为历史同月日参考；节假日按2022清明日历设定；低销量组合使用问题一指数平滑，非低销量组合使用综合Ridge
2022-04-03,23,C地姜山店,12001131,旺仔牛奶,乳类饮品,阴,1,1,0,0.8196770648619823,hybrid_low_q1_regular_ridge,低销量指数平滑-常规Ridge混合,intermittent,0,天气、温度、风力、活动日为历史同月日参考；节假日按2022清明日历设定；低销量组合使用问题一指数平滑，非低销量组合使用综合Ridge
2022-04-03,47,C地桑田路店,11000405,百事可乐330ml,碳酸饮料,阴,1,1,0,1.5381514119975246,hybrid_low_q1_regular_ridge,低销量指数平滑-常规Ridge混合,volatile,0,天气、温度、风力、活动日为历史同月日参考；节假日按2022清明日历设定；低销量组合使用问题一指数平滑，非低销量组合使用综合Ridge
2022-04-03,47,C地桑田路店,11001020,韩国海牌海苔 / 韩国海飘海苔,包装海苔,阴,1,1,0,1.818023468306451,hybrid_low_q1_regular_ridge,低销量指数平滑-常规Ridge混合,volatile,0,天气、温度、风力、活动日为历史同月日参考；节假日按2022清明日历设定；低销量组合使用问题一指数平滑，非低销量组合使用综合Ridge
2022-04-03,47,C地桑田路店,11002170,三养辣火鸡味拌面,速食类,阴,1,1,0,0.5434370582394912,hybrid_low_q1_regular_ridge,低销量指数平滑-常规Ridge混合,low_volume_intermittent,1,天气、温度、风力、活动日为历史同月日参考；节假日按2022清明日历设定；低销量组合使用问题一指数平滑，非低销量组合使用综合Ridge
2022-04-03,47,C地桑田路店,11002561,乡吧哥蜜汁鸡翅,包装散称,阴,1,1,0,6.126540601837965,hybrid_low_q1_regular_ridge,低销量指数平滑-常规Ridge混合,regular,0,天气、温度、风力、活动日为历史同月日参考；节假日按2022清明日历设定；低销量组合使用问题一指数平滑，非低销量组合使用综合Ridge
2022-04-03,47,C地桑田路店,11002605,老板仔香脆海苔卷（原味）,包装海苔,阴,1,1,0,1.041192563820705,hybrid_low_q1_regular_ridge,低销量指数平滑-常规Ridge混合,intermittent,0,天气、温度、风力、活动日为历史同月日参考；节假日按2022清明日历设定；低销量组合使用问题一指数平滑，非低销量组合使用综合Ridge
2022-04-03,47,C地桑田路店,11005780,大丰古法瓜子,包装坚果,阴,1,1,0,1.188779246790066,hybrid_low_q1_regular_ridge,低销量指数平滑-常规Ridge混合,intermittent,0,天气、温度、风力、活动日为历史同月日参考；节假日按2022清明日历设定；低销量组合使用问题一指数平滑，非低销量组合使用综合Ridge
2022-04-03,47,C地桑田路店,11008516,李子柒螺蛳粉335g,速食类,阴,1,1,0,0.7740705311591362,hybrid_low_q1_regular_ridge,低销量指数平滑-常规Ridge混合,low_volume_intermittent,1,天气、温度、风力、活动日为历史同月日参考；节假日按2022清明日历设定；低销量组合使用问题一指数平滑，非低销量组合使用综合Ridge
2022-04-03,47,C地桑田路店,11008644,洽洽早餐每日坚果（燕麦片）,包装冲饮,阴,1,1,0,0.0,hybrid_low_q1_regular_ridge,低销量指数平滑-常规Ridge混合,very_sparse,1,天气、温度、风力、活动日为历史同月日参考；节假日按2022清明日历设定；低销量组合使用问题一指数平滑，非低销量组合使用综合Ridge
2022-04-03,47,C地桑田路店,12000134,百事可乐600ml,碳酸饮料,阴,1,1,0,2.533524700357809,hybrid_low_q1_regular_ridge,低销量指数平滑-常规Ridge混合,regular,0,天气、温度、风力、活动日为历史同月日参考；节假日按2022清明日历设定；低销量组合使用问题一指数平滑，非低销量组合使用综合Ridge
2022-04-03,47,C地桑田路店,12000292,红牛,功能饮料,阴,1,1,0,2.9732152599804724,hybrid_low_q1_regular_ridge,低销量指数平滑-常规Ridge混合,volatile,0,天气、温度、风力、活动日为历史同月日参考；节假日按2022清明日历设定；低销量组合使用问题一指数平滑，非低销量组合使用综合Ridge
2022-04-03,47,C地桑田路店,12001131,旺仔牛奶,乳类饮品,阴,1,1,0,1.408637718384486,hybrid_low_q1_regular_ridge,低销量指数平滑-常规Ridge混合,intermittent,0,天气、温度、风力、活动日为历史同月日参考；节假日按2022清明日历设定；低销量组合使用问题一指数平滑，非低销量组合使用综合Ridge
2022-04-03,69,B地江山店店,11000405,百事可乐330ml,碳酸饮料,阴,1,1,0,3.064977356448652,hybrid_low_q1_regular_ridge,低销量指数平滑-常规Ridge混合,regular,0,天气、温度、风力、活动日为历史同月日参考；节假日按2022清明日历设定；低销量组合使用问题一指数平滑，非低销量组合使用综合Ridge
2022-04-03,69,B地江山店店,11001020,韩国海牌海苔 / 韩国海飘海苔,包装海苔,阴,1,1,0,1.214350951455908,hybrid_low_q1_regular_ridge,低销量指数平滑-常规Ridge混合,intermittent,0,天气、温度、风力、活动日为历史同月日参考；节假日按2022清明日历设定；低销量组合使用问题一指数平滑，非低销量组合使用综合Ridge
2022-04-03,69,B地江山店店,11002170,三养辣火鸡味拌面,速食类,阴,1,1,0,0.5239870553017352,hybrid_low_q1_regular_ridge,低销量指数平滑-常规Ridge混合,low_volume_intermittent,1,天气、温度、风力、活动日为历史同月日参考；节假日按2022清明日历设定；低销量组合使用问题一指数平滑，非低销量组合使用综合Ridge
2022-04-03,69,B地江山店店,11002561,乡吧哥蜜汁鸡翅,包装散称,阴,1,1,0,23.967404556198844,hybrid_low_q1_regular_ridge,低销量指数平滑-常规Ridge混合,volatile,0,天气、温度、风力、活动日为历史同月日参考；节假日按2022清明日历设定；低销量组合使用问题一指数平滑，非低销量组合使用综合Ridge
2022-04-03,69,B地江山店店,11002605,老板仔香脆海苔卷（原味）,包装海苔,阴,1,1,0,0.6839956832643599,hybrid_low_q1_regular_ridge,低销量指数平滑-常规Ridge混合,intermittent,0,天气、温度、风力、活动日为历史同月日参考；节假日按2022清明日历设定；低销量组合使用问题一指数平滑，非低销量组合使用综合Ridge
2022-04-03,69,B地江山店店,11005780,大丰古法瓜子,包装坚果,阴,1,1,0,2.230503333304814,hybrid_low_q1_regular_ridge,低销量指数平滑-常规Ridge混合,regular,0,天气、温度、风力、活动日为历史同月日参考；节假日按2022清明日历设定；低销量组合使用问题一指数平滑，非低销量组合使用综合Ridge
2022-04-03,69,B地江山店店,11008516,李子柒螺蛳粉335g,速食类,阴,1,1,0,1.5137294748609849,hybrid_low_q1_regular_ridge,低销量指数平滑-常规Ridge混合,intermittent,0,天气、温度、风力、活动日为历史同月日参考；节假日按2022清明日历设定；低销量组合使用问题一指数平滑，非低销量组合使用综合Ridge
2022-04-03,69,B地江山店店,11008644,洽洽早餐每日坚果（燕麦片）,包装冲饮,阴,1,1,0,0.0,hybrid_low_q1_regular_ridge,低销量指数平滑-常规Ridge混合,very_sparse,1,天气、温度、风力、活动日为历史同月日参考；节假日按2022清明日历设定；低销量组合使用问题一指数平滑，非低销量组合使用综合Ridge
2022-04-03,69,B地江山店店,12000134,百事可乐600ml,碳酸饮料,阴,1,1,0,5.151573697097556,hybrid_low_q1_regular_ridge,低销量指数平滑-常规Ridge混合,regular,0,天气、温度、风力、活动日为历史同月日参考；节假日按2022清明日历设定；低销量组合使用问题一指数平滑，非低销量组合使用综合Ridge
2022-04-03,69,B地江山店店,12000292,红牛,功能饮料,阴,1,1,0,6.059809207547762,hybrid_low_q1_regular_ridge,低销量指数平滑-常规Ridge混合,volatile,0,天气、温度、风力、活动日为历史同月日参考；节假日按2022清明日历设定；低销量组合使用问题一指数平滑，非低销量组合使用综合Ridge
2022-04-03,69,B地江山店店,12001131,旺仔牛奶,乳类饮品,阴,1,1,0,1.861233663050644,hybrid_low_q1_regular_ridge,低销量指数平滑-常规Ridge混合,volatile,0,天气、温度、风力、活动日为历史同月日参考；节假日按2022清明日历设定；低销量组合使用问题一指数平滑，非低销量组合使用综合Ridge
2022-04-03,178,C地五乡镇店,11000405,百事可乐330ml,碳酸饮料,阴,1,1,0,4.640000015470197,hybrid_low_q1_regular_ridge,低销量指数平滑-常规Ridge混合,low_volume_intermittent,1,天气、温度、风力、活动日为历史同月日参考；节假日按2022清明日历设定；低销量组合使用问题一指数平滑，非低销量组合使用综合Ridge
2022-04-03,178,C地五乡镇店,11001020,韩国海牌海苔 / 韩国海飘海苔,包装海苔,阴,1,1,0,1.1660284184585916,hybrid_low_q1_regular_ridge,低销量指数平滑-常规Ridge混合,intermittent,0,天气、温度、风力、活动日为历史同月日参考；节假日按2022清明日历设定；低销量组合使用问题一指数平滑，非低销量组合使用综合Ridge
2022-04-03,178,C地五乡镇店,11002170,三养辣火鸡味拌面,速食类,阴,1,1,0,1.0012982676463502,hybrid_low_q1_regular_ridge,低销量指数平滑-常规Ridge混合,intermittent,0,天气、温度、风力、活动日为历史同月日参考；节假日按2022清明日历设定；低销量组合使用问题一指数平滑，非低销量组合使用综合Ridge
2022-04-03,178,C地五乡镇店,11002561,乡吧哥蜜汁鸡翅,包装散称,阴,1,1,0,9.092297647920995,hybrid_low_q1_regular_ridge,低销量指数平滑-常规Ridge混合,intermittent,0,天气、温度、风力、活动日为历史同月日参考；节假日按2022清明日历设定；低销量组合使用问题一指数平滑，非低销量组合使用综合Ridge
2022-04-03,178,C地五乡镇店,11002605,老板仔香脆海苔卷（原味）,包装海苔,阴,1,1,0,0.0,hybrid_low_q1_regular_ridge,低销量指数平滑-常规Ridge混合,very_sparse,1,天气、温度、风力、活动日为历史同月日参考；节假日按2022清明日历设定；低销量组合使用问题一指数平滑，非低销量组合使用综合Ridge
2022-04-03,178,C地五乡镇店,11004973,特仑苏纯牛奶,乳类饮品,阴,1,1,0,0.3008152635344523,hybrid_low_q1_regular_ridge,低销量指数平滑-常规Ridge混合,very_sparse,1,天气、温度、风力、活动日为历史同月日参考；节假日按2022清明日历设定；低销量组合使用问题一指数平滑，非低销量组合使用综合Ridge
2022-04-03,178,C地五乡镇店,11005780,大丰古法瓜子,包装坚果,阴,1,1,0,0.8730901937474458,hybrid_low_q1_regular_ridge,低销量指数平滑-常规Ridge混合,low_volume_intermittent,1,天气、温度、风力、活动日为历史同月日参考；节假日按2022清明日历设定；低销量组合使用问题一指数平滑，非低销量组合使用综合Ridge
2022-04-03,178,C地五乡镇店,11008516,李子柒螺蛳粉335g,速食类,阴,1,1,0,2.620078292464876,hybrid_low_q1_regular_ridge,低销量指数平滑-常规Ridge混合,intermittent,0,天气、温度、风力、活动日为历史同月日参考；节假日按2022清明日历设定；低销量组合使用问题一指数平滑，非低销量组合使用综合Ridge
2022-04-03,178,C地五乡镇店,12000134,百事可乐600ml,碳酸饮料,阴,1,1,0,2.2205131062243524,hybrid_low_q1_regular_ridge,低销量指数平滑-常规Ridge混合,intermittent,0,天气、温度、风力、活动日为历史同月日参考；节假日按2022清明日历设定；低销量组合使用问题一指数平滑，非低销量组合使用综合Ridge
2022-04-03,178,C地五乡镇店,12000292,红牛,功能饮料,阴,1,1,0,17.14612186561347,hybrid_low_q1_regular_ridge,低销量指数平滑-常规Ridge混合,volatile,0,天气、温度、风力、活动日为历史同月日参考；节假日按2022清明日历设定；低销量组合使用问题一指数平滑，非低销量组合使用综合Ridge
2022-04-03,178,C地五乡镇店,12001131,旺仔牛奶,乳类饮品,阴,1,1,0,4.227453692336649,hybrid_low_q1_regular_ridge,低销量指数平滑-常规Ridge混合,intermittent,0,天气、温度、风力、活动日为历史同月日参考；节假日按2022清明日历设定；低销量组合使用问题一指数平滑，非低销量组合使用综合Ridge
2022-04-03,276,A地双桥路店,11000405,百事可乐330ml,碳酸饮料,阴,1,1,0,0.2689054531264976,hybrid_low_q1_regular_ridge,低销量指数平滑-常规Ridge混合,very_sparse,1,天气、温度、风力、活动日为历史同月日参考；节假日按2022清明日历设定；低销量组合使用问题一指数平滑，非低销量组合使用综合Ridge
2022-04-03,276,A地双桥路店,11001020,韩国海牌海苔 / 韩国海飘海苔,包装海苔,阴,1,1,0,0.07778432375348415,hybrid_low_q1_regular_ridge,低销量指数平滑-常规Ridge混合,very_sparse,1,天气、温度、风力、活动日为历史同月日参考；节假日按2022清明日历设定；低销量组合使用问题一指数平滑，非低销量组合使用综合Ridge
2022-04-03,276,A地双桥路店,11002170,三养辣火鸡味拌面,速食类,阴,1,1,0,0.13194093933423176,hybrid_low_q1_regular_ridge,低销量指数平滑-常规Ridge混合,very_sparse,1,天气、温度、风力、活动日为历史同月日参考；节假日按2022清明日历设定；低销量组合使用问题一指数平滑，非低销量组合使用综合Ridge
2022-04-03,276,A地双桥路店,11002561,乡吧哥蜜汁鸡翅,包装散称,阴,1,1,0,0.32597375512041915,hybrid_low_q1_regular_ridge,低销量指数平滑-常规Ridge混合,very_sparse,1,天气、温度、风力、活动日为历史同月日参考；节假日按2022清明日历设定；低销量组合使用问题一指数平滑，非低销量组合使用综合Ridge
2022-04-03,276,A地双桥路店,11002605,老板仔香脆海苔卷（原味）,包装海苔,阴,1,1,0,0.10321785142313557,hybrid_low_q1_regular_ridge,低销量指数平滑-常规Ridge混合,very_sparse,1,天气、温度、风力、活动日为历史同月日参考；节假日按2022清明日历设定；低销量组合使用问题一指数平滑，非低销量组合使用综合Ridge
2022-04-03,276,A地双桥路店,11005780,大丰古法瓜子,包装坚果,阴,1,1,0,0.0,hybrid_low_q1_regular_ridge,低销量指数平滑-常规Ridge混合,very_sparse,1,天气、温度、风力、活动日为历史同月日参考；节假日按2022清明日历设定；低销量组合使用问题一指数平滑，非低销量组合使用综合Ridge
2022-04-03,276,A地双桥路店,11008516,李子柒螺蛳粉335g,速食类,阴,1,1,0,0.0,hybrid_low_q1_regular_ridge,低销量指数平滑-常规Ridge混合,very_sparse,1,天气、温度、风力、活动日为历史同月日参考；节假日按2022清明日历设定；低销量组合使用问题一指数平滑，非低销量组合使用综合Ridge
2022-04-03,276,A地双桥路店,12000134,百事可乐600ml,碳酸饮料,阴,1,1,0,0.43283342937486996,hybrid_low_q1_regular_ridge,低销量指数平滑-常规Ridge混合,very_sparse,1,天气、温度、风力、活动日为历史同月日参考；节假日按2022清明日历设定；低销量组合使用问题一指数平滑，非低销量组合使用综合Ridge
2022-04-03,276,A地双桥路店,12000292,红牛,功能饮料,阴,1,1,0,1.007961605577367,hybrid_low_q1_regular_ridge,低销量指数平滑-常规Ridge混合,very_sparse,1,天气、温度、风力、活动日为历史同月日参考；节假日按2022清明日历设定；低销量组合使用问题一指数平滑，非低销量组合使用综合Ridge
2022-04-03,276,A地双桥路店,12001131,旺仔牛奶,乳类饮品,阴,1,1,0,0.062340724888115366,hybrid_low_q1_regular_ridge,低销量指数平滑-常规Ridge混合,very_sparse,1,天气、温度、风力、活动日为历史同月日参考；节假日按2022清明日历设定；低销量组合使用问题一指数平滑，非低销量组合使用综合Ridge
2022-04-04,14,C地彩虹南路店,11000405,百事可乐330ml,碳酸饮料,多云,1,0,0,2.258477122003865,hybrid_low_q1_regular_ridge,低销量指数平滑-常规Ridge混合,volatile,0,天气、温度、风力、活动日为历史同月日参考；节假日按2022清明日历设定；低销量组合使用问题一指数平滑，非低销量组合使用综合Ridge
2022-04-04,14,C地彩虹南路店,11001020,韩国海牌海苔 / 韩国海飘海苔,包装海苔,多云,1,0,0,0.1563587580561407,hybrid_low_q1_regular_ridge,低销量指数平滑-常规Ridge混合,intermittent,0,天气、温度、风力、活动日为历史同月日参考；节假日按2022清明日历设定；低销量组合使用问题一指数平滑，非低销量组合使用综合Ridge
2022-04-04,14,C地彩虹南路店,11002170,三养辣火鸡味拌面,速食类,多云,1,0,0,0.2656404976078264,hybrid_low_q1_regular_ridge,低销量指数平滑-常规Ridge混合,very_sparse,1,天气、温度、风力、活动日为历史同月日参考；节假日按2022清明日历设定；低销量组合使用问题一指数平滑，非低销量组合使用综合Ridge
2022-04-04,14,C地彩虹南路店,11002561,乡吧哥蜜汁鸡翅,包装散称,多云,1,0,0,4.552856238341764,hybrid_low_q1_regular_ridge,低销量指数平滑-常规Ridge混合,volatile,0,天气、温度、风力、活动日为历史同月日参考；节假日按2022清明日历设定；低销量组合使用问题一指数平滑，非低销量组合使用综合Ridge
2022-04-04,14,C地彩虹南路店,11002605,老板仔香脆海苔卷（原味）,包装海苔,多云,1,0,0,0.0001113827502271514,hybrid_low_q1_regular_ridge,低销量指数平滑-常规Ridge混合,low_volume_intermittent,1,天气、温度、风力、活动日为历史同月日参考；节假日按2022清明日历设定；低销量组合使用问题一指数平滑，非低销量组合使用综合Ridge
2022-04-04,14,C地彩虹南路店,11004973,特仑苏纯牛奶,乳类饮品,多云,1,0,0,0.2213654270711069,hybrid_low_q1_regular_ridge,低销量指数平滑-常规Ridge混合,intermittent,0,天气、温度、风力、活动日为历史同月日参考；节假日按2022清明日历设定；低销量组合使用问题一指数平滑，非低销量组合使用综合Ridge
2022-04-04,14,C地彩虹南路店,11005780,大丰古法瓜子,包装坚果,多云,1,0,0,0.070450683498791,hybrid_low_q1_regular_ridge,低销量指数平滑-常规Ridge混合,regular,0,天气、温度、风力、活动日为历史同月日参考；节假日按2022清明日历设定；低销量组合使用问题一指数平滑，非低销量组合使用综合Ridge
2022-04-04,14,C地彩虹南路店,11008516,李子柒螺蛳粉335g,速食类,多云,1,0,0,1.7812264202845633,hybrid_low_q1_regular_ridge,低销量指数平滑-常规Ridge混合,low_volume_intermittent,1,天气、温度、风力、活动日为历史同月日参考；节假日按2022清明日历设定；低销量组合使用问题一指数平滑，非低销量组合使用综合Ridge
2022-04-04,14,C地彩虹南路店,11008644,洽洽早餐每日坚果（燕麦片）,包装冲饮,多云,1,0,0,0.0,hybrid_low_q1_regular_ridge,低销量指数平滑-常规Ridge混合,very_sparse,1,天气、温度、风力、活动日为历史同月日参考；节假日按2022清明日历设定；低销量组合使用问题一指数平滑，非低销量组合使用综合Ridge
2022-04-04,14,C地彩虹南路店,12000134,百事可乐600ml,碳酸饮料,多云,1,0,0,1.172683074853868,hybrid_low_q1_regular_ridge,低销量指数平滑-常规Ridge混合,regular,0,天气、温度、风力、活动日为历史同月日参考；节假日按2022清明日历设定；低销量组合使用问题一指数平滑，非低销量组合使用综合Ridge
2022-04-04,14,C地彩虹南路店,12000292,红牛,功能饮料,多云,1,0,0,5.884660445000273,hybrid_low_q1_regular_ridge,低销量指数平滑-常规Ridge混合,regular,0,天气、温度、风力、活动日为历史同月日参考；节假日按2022清明日历设定；低销量组合使用问题一指数平滑，非低销量组合使用综合Ridge
2022-04-04,14,C地彩虹南路店,12001131,旺仔牛奶,乳类饮品,多云,1,0,0,1.6216104289515267,hybrid_low_q1_regular_ridge,低销量指数平滑-常规Ridge混合,intermittent,0,天气、温度、风力、活动日为历史同月日参考；节假日按2022清明日历设定；低销量组合使用问题一指数平滑，非低销量组合使用综合Ridge
2022-04-04,18,A地天九街店,11000405,百事可乐330ml,碳酸饮料,多云,1,0,0,4.729217363854674,hybrid_low_q1_regular_ridge,低销量指数平滑-常规Ridge混合,intermittent,0,天气、温度、风力、活动日为历史同月日参考；节假日按2022清明日历设定；低销量组合使用问题一指数平滑，非低销量组合使用综合Ridge
2022-04-04,18,A地天九街店,11001020,韩国海牌海苔 / 韩国海飘海苔,包装海苔,多云,1,0,0,1.4063300900921474,hybrid_low_q1_regular_ridge,低销量指数平滑-常规Ridge混合,intermittent,0,天气、温度、风力、活动日为历史同月日参考；节假日按2022清明日历设定；低销量组合使用问题一指数平滑，非低销量组合使用综合Ridge
2022-04-04,18,A地天九街店,11002170,三养辣火鸡味拌面,速食类,多云,1,0,0,0.6837584841239029,hybrid_low_q1_regular_ridge,低销量指数平滑-常规Ridge混合,low_volume_intermittent,1,天气、温度、风力、活动日为历史同月日参考；节假日按2022清明日历设定；低销量组合使用问题一指数平滑，非低销量组合使用综合Ridge
2022-04-04,18,A地天九街店,11002561,乡吧哥蜜汁鸡翅,包装散称,多云,1,0,0,3.8706286207754808,hybrid_low_q1_regular_ridge,低销量指数平滑-常规Ridge混合,intermittent,0,天气、温度、风力、活动日为历史同月日参考；节假日按2022清明日历设定；低销量组合使用问题一指数平滑，非低销量组合使用综合Ridge
2022-04-04,18,A地天九街店,11002605,老板仔香脆海苔卷（原味）,包装海苔,多云,1,0,0,0.6106191011840001,hybrid_low_q1_regular_ridge,低销量指数平滑-常规Ridge混合,very_sparse,1,天气、温度、风力、活动日为历史同月日参考；节假日按2022清明日历设定；低销量组合使用问题一指数平滑，非低销量组合使用综合Ridge
2022-04-04,18,A地天九街店,11005780,大丰古法瓜子,包装坚果,多云,1,0,0,1.437372311991068,hybrid_low_q1_regular_ridge,低销量指数平滑-常规Ridge混合,intermittent,0,天气、温度、风力、活动日为历史同月日参考；节假日按2022清明日历设定；低销量组合使用问题一指数平滑，非低销量组合使用综合Ridge
2022-04-04,18,A地天九街店,11008516,李子柒螺蛳粉335g,速食类,多云,1,0,0,2.327877117427516e-05,hybrid_low_q1_regular_ridge,低销量指数平滑-常规Ridge混合,very_sparse,1,天气、温度、风力、活动日为历史同月日参考；节假日按2022清明日历设定；低销量组合使用问题一指数平滑，非低销量组合使用综合Ridge
2022-04-04,18,A地天九街店,12000134,百事可乐600ml,碳酸饮料,多云,1,0,0,2.8936820068319493,hybrid_low_q1_regular_ridge,低销量指数平滑-常规Ridge混合,intermittent,0,天气、温度、风力、活动日为历史同月日参考；节假日按2022清明日历设定；低销量组合使用问题一指数平滑，非低销量组合使用综合Ridge
2022-04-04,18,A地天九街店,12000292,红牛,功能饮料,多云,1,0,0,14.27302505470876,hybrid_low_q1_regular_ridge,低销量指数平滑-常规Ridge混合,intermittent,0,天气、温度、风力、活动日为历史同月日参考；节假日按2022清明日历设定；低销量组合使用问题一指数平滑，非低销量组合使用综合Ridge
2022-04-04,18,A地天九街店,12001131,旺仔牛奶,乳类饮品,多云,1,0,0,1.817000087811032,hybrid_low_q1_regular_ridge,低销量指数平滑-常规Ridge混合,intermittent,0,天气、温度、风力、活动日为历史同月日参考；节假日按2022清明日历设定；低销量组合使用问题一指数平滑，非低销量组合使用综合Ridge
2022-04-04,23,C地姜山店,11000405,百事可乐330ml,碳酸饮料,多云,1,0,0,1.3090663175293715,hybrid_low_q1_regular_ridge,低销量指数平滑-常规Ridge混合,intermittent,0,天气、温度、风力、活动日为历史同月日参考；节假日按2022清明日历设定；低销量组合使用问题一指数平滑，非低销量组合使用综合Ridge
2022-04-04,23,C地姜山店,11001020,韩国海牌海苔 / 韩国海飘海苔,包装海苔,多云,1,0,0,0.2818942533484367,hybrid_low_q1_regular_ridge,低销量指数平滑-常规Ridge混合,regular,0,天气、温度、风力、活动日为历史同月日参考；节假日按2022清明日历设定；低销量组合使用问题一指数平滑，非低销量组合使用综合Ridge
2022-04-04,23,C地姜山店,11002170,三养辣火鸡味拌面,速食类,多云,1,0,0,1.305728395949643,hybrid_low_q1_regular_ridge,低销量指数平滑-常规Ridge混合,low_volume_intermittent,1,天气、温度、风力、活动日为历史同月日参考；节假日按2022清明日历设定；低销量组合使用问题一指数平滑，非低销量组合使用综合Ridge
2022-04-04,23,C地姜山店,11002561,乡吧哥蜜汁鸡翅,包装散称,多云,1,0,0,14.148042644097714,hybrid_low_q1_regular_ridge,低销量指数平滑-常规Ridge混合,volatile,0,天气、温度、风力、活动日为历史同月日参考；节假日按2022清明日历设定；低销量组合使用问题一指数平滑，非低销量组合使用综合Ridge
2022-04-04,23,C地姜山店,11002605,老板仔香脆海苔卷（原味）,包装海苔,多云,1,0,0,0.1299656976902539,hybrid_low_q1_regular_ridge,低销量指数平滑-常规Ridge混合,intermittent,0,天气、温度、风力、活动日为历史同月日参考；节假日按2022清明日历设定；低销量组合使用问题一指数平滑，非低销量组合使用综合Ridge
2022-04-04,23,C地姜山店,11004973,特仑苏纯牛奶,乳类饮品,多云,1,0,0,0.0005453125873052109,hybrid_low_q1_regular_ridge,低销量指数平滑-常规Ridge混合,very_sparse,1,天气、温度、风力、活动日为历史同月日参考；节假日按2022清明日历设定；低销量组合使用问题一指数平滑，非低销量组合使用综合Ridge
2022-04-04,23,C地姜山店,11005780,大丰古法瓜子,包装坚果,多云,1,0,0,0.4729664960153834,hybrid_low_q1_regular_ridge,低销量指数平滑-常规Ridge混合,regular,0,天气、温度、风力、活动日为历史同月日参考；节假日按2022清明日历设定；低销量组合使用问题一指数平滑，非低销量组合使用综合Ridge
2022-04-04,23,C地姜山店,11008516,李子柒螺蛳粉335g,速食类,多云,1,0,0,0.8092642920247339,hybrid_low_q1_regular_ridge,低销量指数平滑-常规Ridge混合,intermittent,0,天气、温度、风力、活动日为历史同月日参考；节假日按2022清明日历设定；低销量组合使用问题一指数平滑，非低销量组合使用综合Ridge
2022-04-04,23,C地姜山店,12000134,百事可乐600ml,碳酸饮料,多云,1,0,0,1.1540466539238,hybrid_low_q1_regular_ridge,低销量指数平滑-常规Ridge混合,regular,0,天气、温度、风力、活动日为历史同月日参考；节假日按2022清明日历设定；低销量组合使用问题一指数平滑，非低销量组合使用综合Ridge
2022-04-04,23,C地姜山店,12000292,红牛,功能饮料,多云,1,0,0,3.396655877367052,hybrid_low_q1_regular_ridge,低销量指数平滑-常规Ridge混合,regular,0,天气、温度、风力、活动日为历史同月日参考；节假日按2022清明日历设定；低销量组合使用问题一指数平滑，非低销量组合使用综合Ridge
2022-04-04,23,C地姜山店,12001131,旺仔牛奶,乳类饮品,多云,1,0,0,0.727166689680697,hybrid_low_q1_regular_ridge,低销量指数平滑-常规Ridge混合,intermittent,0,天气、温度、风力、活动日为历史同月日参考；节假日按2022清明日历设定；低销量组合使用问题一指数平滑，非低销量组合使用综合Ridge
2022-04-04,47,C地桑田路店,11000405,百事可乐330ml,碳酸饮料,多云,1,0,0,1.5404720920228108,hybrid_low_q1_regular_ridge,低销量指数平滑-常规Ridge混合,volatile,0,天气、温度、风力、活动日为历史同月日参考；节假日按2022清明日历设定；低销量组合使用问题一指数平滑，非低销量组合使用综合Ridge
2022-04-04,47,C地桑田路店,11001020,韩国海牌海苔 / 韩国海飘海苔,包装海苔,多云,1,0,0,1.891009445826613,hybrid_low_q1_regular_ridge,低销量指数平滑-常规Ridge混合,volatile,0,天气、温度、风力、活动日为历史同月日参考；节假日按2022清明日历设定；低销量组合使用问题一指数平滑，非低销量组合使用综合Ridge
2022-04-04,47,C地桑田路店,11002170,三养辣火鸡味拌面,速食类,多云,1,0,0,0.5434370582394912,hybrid_low_q1_regular_ridge,低销量指数平滑-常规Ridge混合,low_volume_intermittent,1,天气、温度、风力、活动日为历史同月日参考；节假日按2022清明日历设定；低销量组合使用问题一指数平滑，非低销量组合使用综合Ridge
2022-04-04,47,C地桑田路店,11002561,乡吧哥蜜汁鸡翅,包装散称,多云,1,0,0,5.580960350983499,hybrid_low_q1_regular_ridge,低销量指数平滑-常规Ridge混合,regular,0,天气、温度、风力、活动日为历史同月日参考；节假日按2022清明日历设定；低销量组合使用问题一指数平滑，非低销量组合使用综合Ridge
2022-04-04,47,C地桑田路店,11002605,老板仔香脆海苔卷（原味）,包装海苔,多云,1,0,0,0.732634862332582,hybrid_low_q1_regular_ridge,低销量指数平滑-常规Ridge混合,intermittent,0,天气、温度、风力、活动日为历史同月日参考；节假日按2022清明日历设定；低销量组合使用问题一指数平滑，非低销量组合使用综合Ridge
2022-04-04,47,C地桑田路店,11005780,大丰古法瓜子,包装坚果,多云,1,0,0,1.0027079789132336,hybrid_low_q1_regular_ridge,低销量指数平滑-常规Ridge混合,intermittent,0,天气、温度、风力、活动日为历史同月日参考；节假日按2022清明日历设定；低销量组合使用问题一指数平滑，非低销量组合使用综合Ridge
2022-04-04,47,C地桑田路店,11008516,李子柒螺蛳粉335g,速食类,多云,1,0,0,0.7740705311591362,hybrid_low_q1_regular_ridge,低销量指数平滑-常规Ridge混合,low_volume_intermittent,1,天气、温度、风力、活动日为历史同月日参考；节假日按2022清明日历设定；低销量组合使用问题一指数平滑，非低销量组合使用综合Ridge
2022-04-04,47,C地桑田路店,11008644,洽洽早餐每日坚果（燕麦片）,包装冲饮,多云,1,0,0,0.0,hybrid_low_q1_regular_ridge,低销量指数平滑-常规Ridge混合,very_sparse,1,天气、温度、风力、活动日为历史同月日参考；节假日按2022清明日历设定；低销量组合使用问题一指数平滑，非低销量组合使用综合Ridge
2022-04-04,47,C地桑田路店,12000134,百事可乐600ml,碳酸饮料,多云,1,0,0,2.2343684651606903,hybrid_low_q1_regular_ridge,低销量指数平滑-常规Ridge混合,regular,0,天气、温度、风力、活动日为历史同月日参考；节假日按2022清明日历设定；低销量组合使用问题一指数平滑，非低销量组合使用综合Ridge
2022-04-04,47,C地桑田路店,12000292,红牛,功能饮料,多云,1,0,0,2.965630708394019,hybrid_low_q1_regular_ridge,低销量指数平滑-常规Ridge混合,volatile,0,天气、温度、风力、活动日为历史同月日参考；节假日按2022清明日历设定；低销量组合使用问题一指数平滑，非低销量组合使用综合Ridge
2022-04-04,47,C地桑田路店,12001131,旺仔牛奶,乳类饮品,多云,1,0,0,1.1570902118970574,hybrid_low_q1_regular_ridge,低销量指数平滑-常规Ridge混合,intermittent,0,天气、温度、风力、活动日为历史同月日参考；节假日按2022清明日历设定；低销量组合使用问题一指数平滑，非低销量组合使用综合Ridge
2022-04-04,69,B地江山店店,11000405,百事可乐330ml,碳酸饮料,多云,1,0,0,2.941029182285887,hybrid_low_q1_regular_ridge,低销量指数平滑-常规Ridge混合,regular,0,天气、温度、风力、活动日为历史同月日参考；节假日按2022清明日历设定；低销量组合使用问题一指数平滑，非低销量组合使用综合Ridge
2022-04-04,69,B地江山店店,11001020,韩国海牌海苔 / 韩国海飘海苔,包装海苔,多云,1,0,0,1.0078504372354709,hybrid_low_q1_regular_ridge,低销量指数平滑-常规Ridge混合,intermittent,0,天气、温度、风力、活动日为历史同月日参考；节假日按2022清明日历设定；低销量组合使用问题一指数平滑，非低销量组合使用综合Ridge
2022-04-04,69,B地江山店店,11002170,三养辣火鸡味拌面,速食类,多云,1,0,0,0.5239870553017352,hybrid_low_q1_regular_ridge,低销量指数平滑-常规Ridge混合,low_volume_intermittent,1,天气、温度、风力、活动日为历史同月日参考；节假日按2022清明日历设定；低销量组合使用问题一指数平滑，非低销量组合使用综合Ridge
2022-04-04,69,B地江山店店,11002561,乡吧哥蜜汁鸡翅,包装散称,多云,1,0,0,23.70930878491289,hybrid_low_q1_regular_ridge,低销量指数平滑-常规Ridge混合,volatile,0,天气、温度、风力、活动日为历史同月日参考；节假日按2022清明日历设定；低销量组合使用问题一指数平滑，非低销量组合使用综合Ridge
2022-04-04,69,B地江山店店,11002605,老板仔香脆海苔卷（原味）,包装海苔,多云,1,0,0,0.4331193882736279,hybrid_low_q1_regular_ridge,低销量指数平滑-常规Ridge混合,intermittent,0,天气、温度、风力、活动日为历史同月日参考；节假日按2022清明日历设定；低销量组合使用问题一指数平滑，非低销量组合使用综合Ridge
2022-04-04,69,B地江山店店,11005780,大丰古法瓜子,包装坚果,多云,1,0,0,1.9629732942200584,hybrid_low_q1_regular_ridge,低销量指数平滑-常规Ridge混合,regular,0,天气、温度、风力、活动日为历史同月日参考；节假日按2022清明日历设定；低销量组合使用问题一指数平滑，非低销量组合使用综合Ridge
2022-04-04,69,B地江山店店,11008516,李子柒螺蛳粉335g,速食类,多云,1,0,0,1.4786909084005135,hybrid_low_q1_regular_ridge,低销量指数平滑-常规Ridge混合,intermittent,0,天气、温度、风力、活动日为历史同月日参考；节假日按2022清明日历设定；低销量组合使用问题一指数平滑，非低销量组合使用综合Ridge
2022-04-04,69,B地江山店店,11008644,洽洽早餐每日坚果（燕麦片）,包装冲饮,多云,1,0,0,0.0,hybrid_low_q1_regular_ridge,低销量指数平滑-常规Ridge混合,very_sparse,1,天气、温度、风力、活动日为历史同月日参考；节假日按2022清明日历设定；低销量组合使用问题一指数平滑，非低销量组合使用综合Ridge
2022-04-04,69,B地江山店店,12000134,百事可乐600ml,碳酸饮料,多云,1,0,0,4.811454460666292,hybrid_low_q1_regular_ridge,低销量指数平滑-常规Ridge混合,regular,0,天气、温度、风力、活动日为历史同月日参考；节假日按2022清明日历设定；低销量组合使用问题一指数平滑，非低销量组合使用综合Ridge
2022-04-04,69,B地江山店店,12000292,红牛,功能饮料,多云,1,0,0,6.102560742729455,hybrid_low_q1_regular_ridge,低销量指数平滑-常规Ridge混合,volatile,0,天气、温度、风力、活动日为历史同月日参考；节假日按2022清明日历设定；低销量组合使用问题一指数平滑，非低销量组合使用综合Ridge
2022-04-04,69,B地江山店店,12001131,旺仔牛奶,乳类饮品,多云,1,0,0,1.7626839921076698,hybrid_low_q1_regular_ridge,低销量指数平滑-常规Ridge混合,volatile,0,天气、温度、风力、活动日为历史同月日参考；节假日按2022清明日历设定；低销量组合使用问题一指数平滑，非低销量组合使用综合Ridge
2022-04-04,178,C地五乡镇店,11000405,百事可乐330ml,碳酸饮料,多云,1,0,0,4.640000015470197,hybrid_low_q1_regular_ridge,低销量指数平滑-常规Ridge混合,low_volume_intermittent,1,天气、温度、风力、活动日为历史同月日参考；节假日按2022清明日历设定；低销量组合使用问题一指数平滑，非低销量组合使用综合Ridge
2022-04-04,178,C地五乡镇店,11001020,韩国海牌海苔 / 韩国海飘海苔,包装海苔,多云,1,0,0,0.9695218700543604,hybrid_low_q1_regular_ridge,低销量指数平滑-常规Ridge混合,intermittent,0,天气、温度、风力、活动日为历史同月日参考；节假日按2022清明日历设定；低销量组合使用问题一指数平滑，非低销量组合使用综合Ridge
2022-04-04,178,C地五乡镇店,11002170,三养辣火鸡味拌面,速食类,多云,1,0,0,0.9808611409536478,hybrid_low_q1_regular_ridge,低销量指数平滑-常规Ridge混合,intermittent,0,天气、温度、风力、活动日为历史同月日参考；节假日按2022清明日历设定；低销量组合使用问题一指数平滑，非低销量组合使用综合Ridge
2022-04-04,178,C地五乡镇店,11002561,乡吧哥蜜汁鸡翅,包装散称,多云,1,0,0,8.37904719985164,hybrid_low_q1_regular_ridge,低销量指数平滑-常规Ridge混合,intermittent,0,天气、温度、风力、活动日为历史同月日参考；节假日按2022清明日历设定；低销量组合使用问题一指数平滑，非低销量组合使用综合Ridge
2022-04-04,178,C地五乡镇店,11002605,老板仔香脆海苔卷（原味）,包装海苔,多云,1,0,0,0.0,hybrid_low_q1_regular_ridge,低销量指数平滑-常规Ridge混合,very_sparse,1,天气、温度、风力、活动日为历史同月日参考；节假日按2022清明日历设定；低销量组合使用问题一指数平滑，非低销量组合使用综合Ridge
2022-04-04,178,C地五乡镇店,11004973,特仑苏纯牛奶,乳类饮品,多云,1,0,0,0.3008152635344523,hybrid_low_q1_regular_ridge,低销量指数平滑-常规Ridge混合,very_sparse,1,天气、温度、风力、活动日为历史同月日参考；节假日按2022清明日历设定；低销量组合使用问题一指数平滑，非低销量组合使用综合Ridge
2022-04-04,178,C地五乡镇店,11005780,大丰古法瓜子,包装坚果,多云,1,0,0,0.8730901937474458,hybrid_low_q1_regular_ridge,低销量指数平滑-常规Ridge混合,low_volume_intermittent,1,天气、温度、风力、活动日为历史同月日参考；节假日按2022清明日历设定；低销量组合使用问题一指数平滑，非低销量组合使用综合Ridge
2022-04-04,178,C地五乡镇店,11008516,李子柒螺蛳粉335g,速食类,多云,1,0,0,2.277793584889384,hybrid_low_q1_regular_ridge,低销量指数平滑-常规Ridge混合,intermittent,0,天气、温度、风力、活动日为历史同月日参考；节假日按2022清明日历设定；低销量组合使用问题一指数平滑，非低销量组合使用综合Ridge
2022-04-04,178,C地五乡镇店,12000134,百事可乐600ml,碳酸饮料,多云,1,0,0,2.340989100140081,hybrid_low_q1_regular_ridge,低销量指数平滑-常规Ridge混合,intermittent,0,天气、温度、风力、活动日为历史同月日参考；节假日按2022清明日历设定；低销量组合使用问题一指数平滑，非低销量组合使用综合Ridge
2022-04-04,178,C地五乡镇店,12000292,红牛,功能饮料,多云,1,0,0,16.806629298827367,hybrid_low_q1_regular_ridge,低销量指数平滑-常规Ridge混合,volatile,0,天气、温度、风力、活动日为历史同月日参考；节假日按2022清明日历设定；低销量组合使用问题一指数平滑，非低销量组合使用综合Ridge
2022-04-04,178,C地五乡镇店,12001131,旺仔牛奶,乳类饮品,多云,1,0,0,3.718546859735149,hybrid_low_q1_regular_ridge,低销量指数平滑-常规Ridge混合,intermittent,0,天气、温度、风力、活动日为历史同月日参考；节假日按2022清明日历设定；低销量组合使用问题一指数平滑，非低销量组合使用综合Ridge
2022-04-04,276,A地双桥路店,11000405,百事可乐330ml,碳酸饮料,多云,1,0,0,0.2689054531264976,hybrid_low_q1_regular_ridge,低销量指数平滑-常规Ridge混合,very_sparse,1,天气、温度、风力、活动日为历史同月日参考；节假日按2022清明日历设定；低销量组合使用问题一指数平滑，非低销量组合使用综合Ridge
2022-04-04,276,A地双桥路店,11001020,韩国海牌海苔 / 韩国海飘海苔,包装海苔,多云,1,0,0,0.07778432375348415,hybrid_low_q1_regular_ridge,低销量指数平滑-常规Ridge混合,very_sparse,1,天气、温度、风力、活动日为历史同月日参考；节假日按2022清明日历设定；低销量组合使用问题一指数平滑，非低销量组合使用综合Ridge
2022-04-04,276,A地双桥路店,11002170,三养辣火鸡味拌面,速食类,多云,1,0,0,0.13194093933423176,hybrid_low_q1_regular_ridge,低销量指数平滑-常规Ridge混合,very_sparse,1,天气、温度、风力、活动日为历史同月日参考；节假日按2022清明日历设定；低销量组合使用问题一指数平滑，非低销量组合使用综合Ridge
2022-04-04,276,A地双桥路店,11002561,乡吧哥蜜汁鸡翅,包装散称,多云,1,0,0,0.32597375512041915,hybrid_low_q1_regular_ridge,低销量指数平滑-常规Ridge混合,very_sparse,1,天气、温度、风力、活动日为历史同月日参考；节假日按2022清明日历设定；低销量组合使用问题一指数平滑，非低销量组合使用综合Ridge
2022-04-04,276,A地双桥路店,11002605,老板仔香脆海苔卷（原味）,包装海苔,多云,1,0,0,0.10321785142313557,hybrid_low_q1_regular_ridge,低销量指数平滑-常规Ridge混合,very_sparse,1,天气、温度、风力、活动日为历史同月日参考；节假日按2022清明日历设定；低销量组合使用问题一指数平滑，非低销量组合使用综合Ridge
2022-04-04,276,A地双桥路店,11005780,大丰古法瓜子,包装坚果,多云,1,0,0,0.0,hybrid_low_q1_regular_ridge,低销量指数平滑-常规Ridge混合,very_sparse,1,天气、温度、风力、活动日为历史同月日参考；节假日按2022清明日历设定；低销量组合使用问题一指数平滑，非低销量组合使用综合Ridge
2022-04-04,276,A地双桥路店,11008516,李子柒螺蛳粉335g,速食类,多云,1,0,0,0.0,hybrid_low_q1_regular_ridge,低销量指数平滑-常规Ridge混合,very_sparse,1,天气、温度、风力、活动日为历史同月日参考；节假日按2022清明日历设定；低销量组合使用问题一指数平滑，非低销量组合使用综合Ridge
2022-04-04,276,A地双桥路店,12000134,百事可乐600ml,碳酸饮料,多云,1,0,0,0.43283342937486996,hybrid_low_q1_regular_ridge,低销量指数平滑-常规Ridge混合,very_sparse,1,天气、温度、风力、活动日为历史同月日参考；节假日按2022清明日历设定；低销量组合使用问题一指数平滑，非低销量组合使用综合Ridge
2022-04-04,276,A地双桥路店,12000292,红牛,功能饮料,多云,1,0,0,1.007961605577367,hybrid_low_q1_regular_ridge,低销量指数平滑-常规Ridge混合,very_sparse,1,天气、温度、风力、活动日为历史同月日参考；节假日按2022清明日历设定；低销量组合使用问题一指数平滑，非低销量组合使用综合Ridge
2022-04-04,276,A地双桥路店,12001131,旺仔牛奶,乳类饮品,多云,1,0,0,0.062340724888115366,hybrid_low_q1_regular_ridge,低销量指数平滑-常规Ridge混合,very_sparse,1,天气、温度、风力、活动日为历史同月日参考；节假日按2022清明日历设定；低销量组合使用问题一指数平滑，非低销量组合使用综合Ridge
2022-04-05,14,C地彩虹南路店,11000405,百事可乐330ml,碳酸饮料,晴,1,0,0,2.591931921066624,hybrid_low_q1_regular_ridge,低销量指数平滑-常规Ridge混合,volatile,0,天气、温度、风力、活动日为历史同月日参考；节假日按2022清明日历设定；低销量组合使用问题一指数平滑，非低销量组合使用综合Ridge
2022-04-05,14,C地彩虹南路店,11001020,韩国海牌海苔 / 韩国海飘海苔,包装海苔,晴,1,0,0,0.4617801396928711,hybrid_low_q1_regular_ridge,低销量指数平滑-常规Ridge混合,intermittent,0,天气、温度、风力、活动日为历史同月日参考；节假日按2022清明日历设定；低销量组合使用问题一指数平滑，非低销量组合使用综合Ridge
2022-04-05,14,C地彩虹南路店,11002170,三养辣火鸡味拌面,速食类,晴,1,0,0,0.2656404976078264,hybrid_low_q1_regular_ridge,低销量指数平滑-常规Ridge混合,very_sparse,1,天气、温度、风力、活动日为历史同月日参考；节假日按2022清明日历设定；低销量组合使用问题一指数平滑，非低销量组合使用综合Ridge
2022-04-05,14,C地彩虹南路店,11002561,乡吧哥蜜汁鸡翅,包装散称,晴,1,0,0,5.096207493999846,hybrid_low_q1_regular_ridge,低销量指数平滑-常规Ridge混合,volatile,0,天气、温度、风力、活动日为历史同月日参考；节假日按2022清明日历设定；低销量组合使用问题一指数平滑，非低销量组合使用综合Ridge
2022-04-05,14,C地彩虹南路店,11002605,老板仔香脆海苔卷（原味）,包装海苔,晴,1,0,0,0.0001113827502271514,hybrid_low_q1_regular_ridge,低销量指数平滑-常规Ridge混合,low_volume_intermittent,1,天气、温度、风力、活动日为历史同月日参考；节假日按2022清明日历设定；低销量组合使用问题一指数平滑，非低销量组合使用综合Ridge
2022-04-05,14,C地彩虹南路店,11004973,特仑苏纯牛奶,乳类饮品,晴,1,0,0,0.3615831282980752,hybrid_low_q1_regular_ridge,低销量指数平滑-常规Ridge混合,intermittent,0,天气、温度、风力、活动日为历史同月日参考；节假日按2022清明日历设定；低销量组合使用问题一指数平滑，非低销量组合使用综合Ridge
2022-04-05,14,C地彩虹南路店,11005780,大丰古法瓜子,包装坚果,晴,1,0,0,0.3628418280744543,hybrid_low_q1_regular_ridge,低销量指数平滑-常规Ridge混合,regular,0,天气、温度、风力、活动日为历史同月日参考；节假日按2022清明日历设定；低销量组合使用问题一指数平滑，非低销量组合使用综合Ridge
2022-04-05,14,C地彩虹南路店,11008516,李子柒螺蛳粉335g,速食类,晴,1,0,0,1.7812264202845633,hybrid_low_q1_regular_ridge,低销量指数平滑-常规Ridge混合,low_volume_intermittent,1,天气、温度、风力、活动日为历史同月日参考；节假日按2022清明日历设定；低销量组合使用问题一指数平滑，非低销量组合使用综合Ridge
2022-04-05,14,C地彩虹南路店,11008644,洽洽早餐每日坚果（燕麦片）,包装冲饮,晴,1,0,0,0.0,hybrid_low_q1_regular_ridge,低销量指数平滑-常规Ridge混合,very_sparse,1,天气、温度、风力、活动日为历史同月日参考；节假日按2022清明日历设定；低销量组合使用问题一指数平滑，非低销量组合使用综合Ridge
2022-04-05,14,C地彩虹南路店,12000134,百事可乐600ml,碳酸饮料,晴,1,0,0,1.4812447972207463,hybrid_low_q1_regular_ridge,低销量指数平滑-常规Ridge混合,regular,0,天气、温度、风力、活动日为历史同月日参考；节假日按2022清明日历设定；低销量组合使用问题一指数平滑，非低销量组合使用综合Ridge
2022-04-05,14,C地彩虹南路店,12000292,红牛,功能饮料,晴,1,0,0,6.407832669997045,hybrid_low_q1_regular_ridge,低销量指数平滑-常规Ridge混合,regular,0,天气、温度、风力、活动日为历史同月日参考；节假日按2022清明日历设定；低销量组合使用问题一指数平滑，非低销量组合使用综合Ridge
2022-04-05,14,C地彩虹南路店,12001131,旺仔牛奶,乳类饮品,晴,1,0,0,2.1588239305412538,hybrid_low_q1_regular_ridge,低销量指数平滑-常规Ridge混合,intermittent,0,天气、温度、风力、活动日为历史同月日参考；节假日按2022清明日历设定；低销量组合使用问题一指数平滑，非低销量组合使用综合Ridge
2022-04-05,18,A地天九街店,11000405,百事可乐330ml,碳酸饮料,晴,1,0,0,4.2675740108711935,hybrid_low_q1_regular_ridge,低销量指数平滑-常规Ridge混合,intermittent,0,天气、温度、风力、活动日为历史同月日参考；节假日按2022清明日历设定；低销量组合使用问题一指数平滑，非低销量组合使用综合Ridge
2022-04-05,18,A地天九街店,11001020,韩国海牌海苔 / 韩国海飘海苔,包装海苔,晴,1,0,0,1.91243978464122,hybrid_low_q1_regular_ridge,低销量指数平滑-常规Ridge混合,intermittent,0,天气、温度、风力、活动日为历史同月日参考；节假日按2022清明日历设定；低销量组合使用问题一指数平滑，非低销量组合使用综合Ridge
2022-04-05,18,A地天九街店,11002170,三养辣火鸡味拌面,速食类,晴,1,0,0,0.6837584841239029,hybrid_low_q1_regular_ridge,低销量指数平滑-常规Ridge混合,low_volume_intermittent,1,天气、温度、风力、活动日为历史同月日参考；节假日按2022清明日历设定；低销量组合使用问题一指数平滑，非低销量组合使用综合Ridge
2022-04-05,18,A地天九街店,11002561,乡吧哥蜜汁鸡翅,包装散称,晴,1,0,0,3.927255638323358,hybrid_low_q1_regular_ridge,低销量指数平滑-常规Ridge混合,intermittent,0,天气、温度、风力、活动日为历史同月日参考；节假日按2022清明日历设定；低销量组合使用问题一指数平滑，非低销量组合使用综合Ridge
2022-04-05,18,A地天九街店,11002605,老板仔香脆海苔卷（原味）,包装海苔,晴,1,0,0,0.6106191011840001,hybrid_low_q1_regular_ridge,低销量指数平滑-常规Ridge混合,very_sparse,1,天气、温度、风力、活动日为历史同月日参考；节假日按2022清明日历设定；低销量组合使用问题一指数平滑，非低销量组合使用综合Ridge
2022-04-05,18,A地天九街店,11005780,大丰古法瓜子,包装坚果,晴,1,0,0,1.922771126626288,hybrid_low_q1_regular_ridge,低销量指数平滑-常规Ridge混合,intermittent,0,天气、温度、风力、活动日为历史同月日参考；节假日按2022清明日历设定；低销量组合使用问题一指数平滑，非低销量组合使用综合Ridge
2022-04-05,18,A地天九街店,11008516,李子柒螺蛳粉335g,速食类,晴,1,0,0,2.327877117427516e-05,hybrid_low_q1_regular_ridge,低销量指数平滑-常规Ridge混合,very_sparse,1,天气、温度、风力、活动日为历史同月日参考；节假日按2022清明日历设定；低销量组合使用问题一指数平滑，非低销量组合使用综合Ridge
2022-04-05,18,A地天九街店,12000134,百事可乐600ml,碳酸饮料,晴,1,0,0,3.505678040995809,hybrid_low_q1_regular_ridge,低销量指数平滑-常规Ridge混合,intermittent,0,天气、温度、风力、活动日为历史同月日参考；节假日按2022清明日历设定；低销量组合使用问题一指数平滑，非低销量组合使用综合Ridge
2022-04-05,18,A地天九街店,12000292,红牛,功能饮料,晴,1,0,0,14.597127081470754,hybrid_low_q1_regular_ridge,低销量指数平滑-常规Ridge混合,intermittent,0,天气、温度、风力、活动日为历史同月日参考；节假日按2022清明日历设定；低销量组合使用问题一指数平滑，非低销量组合使用综合Ridge
2022-04-05,18,A地天九街店,12001131,旺仔牛奶,乳类饮品,晴,1,0,0,2.384928305497491,hybrid_low_q1_regular_ridge,低销量指数平滑-常规Ridge混合,intermittent,0,天气、温度、风力、活动日为历史同月日参考；节假日按2022清明日历设定；低销量组合使用问题一指数平滑，非低销量组合使用综合Ridge
2022-04-05,23,C地姜山店,11000405,百事可乐330ml,碳酸饮料,晴,1,0,0,1.8136193686622968,hybrid_low_q1_regular_ridge,低销量指数平滑-常规Ridge混合,intermittent,0,天气、温度、风力、活动日为历史同月日参考；节假日按2022清明日历设定；低销量组合使用问题一指数平滑，非低销量组合使用综合Ridge
2022-04-05,23,C地姜山店,11001020,韩国海牌海苔 / 韩国海飘海苔,包装海苔,晴,1,0,0,0.591657391796085,hybrid_low_q1_regular_ridge,低销量指数平滑-常规Ridge混合,regular,0,天气、温度、风力、活动日为历史同月日参考；节假日按2022清明日历设定；低销量组合使用问题一指数平滑，非低销量组合使用综合Ridge
2022-04-05,23,C地姜山店,11002170,三养辣火鸡味拌面,速食类,晴,1,0,0,1.305728395949643,hybrid_low_q1_regular_ridge,低销量指数平滑-常规Ridge混合,low_volume_intermittent,1,天气、温度、风力、活动日为历史同月日参考；节假日按2022清明日历设定；低销量组合使用问题一指数平滑，非低销量组合使用综合Ridge
2022-04-05,23,C地姜山店,11002561,乡吧哥蜜汁鸡翅,包装散称,晴,1,0,0,14.59686363459178,hybrid_low_q1_regular_ridge,低销量指数平滑-常规Ridge混合,volatile,0,天气、温度、风力、活动日为历史同月日参考；节假日按2022清明日历设定；低销量组合使用问题一指数平滑，非低销量组合使用综合Ridge
2022-04-05,23,C地姜山店,11002605,老板仔香脆海苔卷（原味）,包装海苔,晴,1,0,0,0.429980168132396,hybrid_low_q1_regular_ridge,低销量指数平滑-常规Ridge混合,intermittent,0,天气、温度、风力、活动日为历史同月日参考；节假日按2022清明日历设定；低销量组合使用问题一指数平滑，非低销量组合使用综合Ridge
2022-04-05,23,C地姜山店,11004973,特仑苏纯牛奶,乳类饮品,晴,1,0,0,0.0005453125873052109,hybrid_low_q1_regular_ridge,低销量指数平滑-常规Ridge混合,very_sparse,1,天气、温度、风力、活动日为历史同月日参考；节假日按2022清明日历设定；低销量组合使用问题一指数平滑，非低销量组合使用综合Ridge
2022-04-05,23,C地姜山店,11005780,大丰古法瓜子,包装坚果,晴,1,0,0,0.8334933398019719,hybrid_low_q1_regular_ridge,低销量指数平滑-常规Ridge混合,regular,0,天气、温度、风力、活动日为历史同月日参考；节假日按2022清明日历设定；低销量组合使用问题一指数平滑，非低销量组合使用综合Ridge
2022-04-05,23,C地姜山店,11008516,李子柒螺蛳粉335g,速食类,晴,1,0,0,0.9578330540291172,hybrid_low_q1_regular_ridge,低销量指数平滑-常规Ridge混合,intermittent,0,天气、温度、风力、活动日为历史同月日参考；节假日按2022清明日历设定；低销量组合使用问题一指数平滑，非低销量组合使用综合Ridge
2022-04-05,23,C地姜山店,12000134,百事可乐600ml,碳酸饮料,晴,1,0,0,1.4553599967531434,hybrid_low_q1_regular_ridge,低销量指数平滑-常规Ridge混合,regular,0,天气、温度、风力、活动日为历史同月日参考；节假日按2022清明日历设定；低销量组合使用问题一指数平滑，非低销量组合使用综合Ridge
2022-04-05,23,C地姜山店,12000292,红牛,功能饮料,晴,1,0,0,3.9961568085952592,hybrid_low_q1_regular_ridge,低销量指数平滑-常规Ridge混合,regular,0,天气、温度、风力、活动日为历史同月日参考；节假日按2022清明日历设定；低销量组合使用问题一指数平滑，非低销量组合使用综合Ridge
2022-04-05,23,C地姜山店,12001131,旺仔牛奶,乳类饮品,晴,1,0,0,1.1326829489621342,hybrid_low_q1_regular_ridge,低销量指数平滑-常规Ridge混合,intermittent,0,天气、温度、风力、活动日为历史同月日参考；节假日按2022清明日历设定；低销量组合使用问题一指数平滑，非低销量组合使用综合Ridge
2022-04-05,47,C地桑田路店,11000405,百事可乐330ml,碳酸饮料,晴,1,0,0,1.8860287204353896,hybrid_low_q1_regular_ridge,低销量指数平滑-常规Ridge混合,volatile,0,天气、温度、风力、活动日为历史同月日参考；节假日按2022清明日历设定；低销量组合使用问题一指数平滑，非低销量组合使用综合Ridge
2022-04-05,47,C地桑田路店,11001020,韩国海牌海苔 / 韩国海飘海苔,包装海苔,晴,1,0,0,2.332326959575706,hybrid_low_q1_regular_ridge,低销量指数平滑-常规Ridge混合,volatile,0,天气、温度、风力、活动日为历史同月日参考；节假日按2022清明日历设定；低销量组合使用问题一指数平滑，非低销量组合使用综合Ridge
2022-04-05,47,C地桑田路店,11002170,三养辣火鸡味拌面,速食类,晴,1,0,0,0.5434370582394912,hybrid_low_q1_regular_ridge,低销量指数平滑-常规Ridge混合,low_volume_intermittent,1,天气、温度、风力、活动日为历史同月日参考；节假日按2022清明日历设定；低销量组合使用问题一指数平滑，非低销量组合使用综合Ridge
2022-04-05,47,C地桑田路店,11002561,乡吧哥蜜汁鸡翅,包装散称,晴,1,0,0,5.968982322239675,hybrid_low_q1_regular_ridge,低销量指数平滑-常规Ridge混合,regular,0,天气、温度、风力、活动日为历史同月日参考；节假日按2022清明日历设定；低销量组合使用问题一指数平滑，非低销量组合使用综合Ridge
2022-04-05,47,C地桑田路店,11002605,老板仔香脆海苔卷（原味）,包装海苔,晴,1,0,0,0.9758023183014471,hybrid_low_q1_regular_ridge,低销量指数平滑-常规Ridge混合,intermittent,0,天气、温度、风力、活动日为历史同月日参考；节假日按2022清明日历设定；低销量组合使用问题一指数平滑，非低销量组合使用综合Ridge
2022-04-05,47,C地桑田路店,11005780,大丰古法瓜子,包装坚果,晴,1,0,0,1.4191843925259946,hybrid_low_q1_regular_ridge,低销量指数平滑-常规Ridge混合,intermittent,0,天气、温度、风力、活动日为历史同月日参考；节假日按2022清明日历设定；低销量组合使用问题一指数平滑，非低销量组合使用综合Ridge
2022-04-05,47,C地桑田路店,11008516,李子柒螺蛳粉335g,速食类,晴,1,0,0,0.7740705311591362,hybrid_low_q1_regular_ridge,低销量指数平滑-常规Ridge混合,low_volume_intermittent,1,天气、温度、风力、活动日为历史同月日参考；节假日按2022清明日历设定；低销量组合使用问题一指数平滑，非低销量组合使用综合Ridge
2022-04-05,47,C地桑田路店,11008644,洽洽早餐每日坚果（燕麦片）,包装冲饮,晴,1,0,0,0.0,hybrid_low_q1_regular_ridge,低销量指数平滑-常规Ridge混合,very_sparse,1,天气、温度、风力、活动日为历史同月日参考；节假日按2022清明日历设定；低销量组合使用问题一指数平滑，非低销量组合使用综合Ridge
2022-04-05,47,C地桑田路店,12000134,百事可乐600ml,碳酸饮料,晴,1,0,0,2.5449893684290625,hybrid_low_q1_regular_ridge,低销量指数平滑-常规Ridge混合,regular,0,天气、温度、风力、活动日为历史同月日参考；节假日按2022清明日历设定；低销量组合使用问题一指数平滑，非低销量组合使用综合Ridge
2022-04-05,47,C地桑田路店,12000292,红牛,功能饮料,晴,1,0,0,3.6368989367205846,hybrid_low_q1_regular_ridge,低销量指数平滑-常规Ridge混合,volatile,0,天气、温度、风力、活动日为历史同月日参考；节假日按2022清明日历设定；低销量组合使用问题一指数平滑，非低销量组合使用综合Ridge
2022-04-05,47,C地桑田路店,12001131,旺仔牛奶,乳类饮品,晴,1,0,0,1.6194633781795238,hybrid_low_q1_regular_ridge,低销量指数平滑-常规Ridge混合,intermittent,0,天气、温度、风力、活动日为历史同月日参考；节假日按2022清明日历设定；低销量组合使用问题一指数平滑，非低销量组合使用综合Ridge
2022-04-05,69,B地江山店店,11000405,百事可乐330ml,碳酸饮料,晴,1,0,0,3.1192006578399165,hybrid_low_q1_regular_ridge,低销量指数平滑-常规Ridge混合,regular,0,天气、温度、风力、活动日为历史同月日参考；节假日按2022清明日历设定；低销量组合使用问题一指数平滑，非低销量组合使用综合Ridge
2022-04-05,69,B地江山店店,11001020,韩国海牌海苔 / 韩国海飘海苔,包装海苔,晴,1,0,0,1.4302191928119257,hybrid_low_q1_regular_ridge,低销量指数平滑-常规Ridge混合,intermittent,0,天气、温度、风力、活动日为历史同月日参考；节假日按2022清明日历设定；低销量组合使用问题一指数平滑，非低销量组合使用综合Ridge
2022-04-05,69,B地江山店店,11002170,三养辣火鸡味拌面,速食类,晴,1,0,0,0.5239870553017352,hybrid_low_q1_regular_ridge,低销量指数平滑-常规Ridge混合,low_volume_intermittent,1,天气、温度、风力、活动日为历史同月日参考；节假日按2022清明日历设定；低销量组合使用问题一指数平滑，非低销量组合使用综合Ridge
2022-04-05,69,B地江山店店,11002561,乡吧哥蜜汁鸡翅,包装散称,晴,1,0,0,23.76529762964778,hybrid_low_q1_regular_ridge,低销量指数平滑-常规Ridge混合,volatile,0,天气、温度、风力、活动日为历史同月日参考；节假日按2022清明日历设定；低销量组合使用问题一指数平滑，非低销量组合使用综合Ridge
2022-04-05,69,B地江山店店,11002605,老板仔香脆海苔卷（原味）,包装海苔,晴,1,0,0,0.7729876132762705,hybrid_low_q1_regular_ridge,低销量指数平滑-常规Ridge混合,intermittent,0,天气、温度、风力、活动日为历史同月日参考；节假日按2022清明日历设定；低销量组合使用问题一指数平滑，非低销量组合使用综合Ridge
2022-04-05,69,B地江山店店,11005780,大丰古法瓜子,包装坚果,晴,1,0,0,2.172862747292406,hybrid_low_q1_regular_ridge,低销量指数平滑-常规Ridge混合,regular,0,天气、温度、风力、活动日为历史同月日参考；节假日按2022清明日历设定；低销量组合使用问题一指数平滑，非低销量组合使用综合Ridge
2022-04-05,69,B地江山店店,11008516,李子柒螺蛳粉335g,速食类,晴,1,0,0,1.680297626454816,hybrid_low_q1_regular_ridge,低销量指数平滑-常规Ridge混合,intermittent,0,天气、温度、风力、活动日为历史同月日参考；节假日按2022清明日历设定；低销量组合使用问题一指数平滑，非低销量组合使用综合Ridge
2022-04-05,69,B地江山店店,11008644,洽洽早餐每日坚果（燕麦片）,包装冲饮,晴,1,0,0,0.0,hybrid_low_q1_regular_ridge,低销量指数平滑-常规Ridge混合,very_sparse,1,天气、温度、风力、活动日为历史同月日参考；节假日按2022清明日历设定；低销量组合使用问题一指数平滑，非低销量组合使用综合Ridge
2022-04-05,69,B地江山店店,12000134,百事可乐600ml,碳酸饮料,晴,1,0,0,5.611387214471005,hybrid_low_q1_regular_ridge,低销量指数平滑-常规Ridge混合,regular,0,天气、温度、风力、活动日为历史同月日参考；节假日按2022清明日历设定；低销量组合使用问题一指数平滑，非低销量组合使用综合Ridge
2022-04-05,69,B地江山店店,12000292,红牛,功能饮料,晴,1,0,0,6.748148783059516,hybrid_low_q1_regular_ridge,低销量指数平滑-常规Ridge混合,volatile,0,天气、温度、风力、活动日为历史同月日参考；节假日按2022清明日历设定；低销量组合使用问题一指数平滑，非低销量组合使用综合Ridge
2022-04-05,69,B地江山店店,12001131,旺仔牛奶,乳类饮品,晴,1,0,0,2.0370182104463987,hybrid_low_q1_regular_ridge,低销量指数平滑-常规Ridge混合,volatile,0,天气、温度、风力、活动日为历史同月日参考；节假日按2022清明日历设定；低销量组合使用问题一指数平滑，非低销量组合使用综合Ridge
2022-04-05,178,C地五乡镇店,11000405,百事可乐330ml,碳酸饮料,晴,1,0,0,4.640000015470197,hybrid_low_q1_regular_ridge,低销量指数平滑-常规Ridge混合,low_volume_intermittent,1,天气、温度、风力、活动日为历史同月日参考；节假日按2022清明日历设定；低销量组合使用问题一指数平滑，非低销量组合使用综合Ridge
2022-04-05,178,C地五乡镇店,11001020,韩国海牌海苔 / 韩国海飘海苔,包装海苔,晴,1,0,0,1.1866001535717796,hybrid_low_q1_regular_ridge,低销量指数平滑-常规Ridge混合,intermittent,0,天气、温度、风力、活动日为历史同月日参考；节假日按2022清明日历设定；低销量组合使用问题一指数平滑，非低销量组合使用综合Ridge
2022-04-05,178,C地五乡镇店,11002170,三养辣火鸡味拌面,速食类,晴,1,0,0,1.2663598101056228,hybrid_low_q1_regular_ridge,低销量指数平滑-常规Ridge混合,intermittent,0,天气、温度、风力、活动日为历史同月日参考；节假日按2022清明日历设定；低销量组合使用问题一指数平滑，非低销量组合使用综合Ridge
2022-04-05,178,C地五乡镇店,11002561,乡吧哥蜜汁鸡翅,包装散称,晴,1,0,0,9.024497053039529,hybrid_low_q1_regular_ridge,低销量指数平滑-常规Ridge混合,intermittent,0,天气、温度、风力、活动日为历史同月日参考；节假日按2022清明日历设定；低销量组合使用问题一指数平滑，非低销量组合使用综合Ridge
2022-04-05,178,C地五乡镇店,11002605,老板仔香脆海苔卷（原味）,包装海苔,晴,1,0,0,0.0,hybrid_low_q1_regular_ridge,低销量指数平滑-常规Ridge混合,very_sparse,1,天气、温度、风力、活动日为历史同月日参考；节假日按2022清明日历设定；低销量组合使用问题一指数平滑，非低销量组合使用综合Ridge
2022-04-05,178,C地五乡镇店,11004973,特仑苏纯牛奶,乳类饮品,晴,1,0,0,0.3008152635344523,hybrid_low_q1_regular_ridge,低销量指数平滑-常规Ridge混合,very_sparse,1,天气、温度、风力、活动日为历史同月日参考；节假日按2022清明日历设定；低销量组合使用问题一指数平滑，非低销量组合使用综合Ridge
2022-04-05,178,C地五乡镇店,11005780,大丰古法瓜子,包装坚果,晴,1,0,0,0.8730901937474458,hybrid_low_q1_regular_ridge,低销量指数平滑-常规Ridge混合,low_volume_intermittent,1,天气、温度、风力、活动日为历史同月日参考；节假日按2022清明日历设定；低销量组合使用问题一指数平滑，非低销量组合使用综合Ridge
2022-04-05,178,C地五乡镇店,11008516,李子柒螺蛳粉335g,速食类,晴,1,0,0,2.481671086947131,hybrid_low_q1_regular_ridge,低销量指数平滑-常规Ridge混合,intermittent,0,天气、温度、风力、活动日为历史同月日参考；节假日按2022清明日历设定；低销量组合使用问题一指数平滑，非低销量组合使用综合Ridge
2022-04-05,178,C地五乡镇店,12000134,百事可乐600ml,碳酸饮料,晴,1,0,0,2.989400255499137,hybrid_low_q1_regular_ridge,低销量指数平滑-常规Ridge混合,intermittent,0,天气、温度、风力、活动日为历史同月日参考；节假日按2022清明日历设定；低销量组合使用问题一指数平滑，非低销量组合使用综合Ridge
2022-04-05,178,C地五乡镇店,12000292,红牛,功能饮料,晴,1,0,0,17.28635406352216,hybrid_low_q1_regular_ridge,低销量指数平滑-常规Ridge混合,volatile,0,天气、温度、风力、活动日为历史同月日参考；节假日按2022清明日历设定；低销量组合使用问题一指数平滑，非低销量组合使用综合Ridge
2022-04-05,178,C地五乡镇店,12001131,旺仔牛奶,乳类饮品,晴,1,0,0,4.085329724150516,hybrid_low_q1_regular_ridge,低销量指数平滑-常规Ridge混合,intermittent,0,天气、温度、风力、活动日为历史同月日参考；节假日按2022清明日历设定；低销量组合使用问题一指数平滑，非低销量组合使用综合Ridge
2022-04-05,276,A地双桥路店,11000405,百事可乐330ml,碳酸饮料,晴,1,0,0,0.2689054531264976,hybrid_low_q1_regular_ridge,低销量指数平滑-常规Ridge混合,very_sparse,1,天气、温度、风力、活动日为历史同月日参考；节假日按2022清明日历设定；低销量组合使用问题一指数平滑，非低销量组合使用综合Ridge
2022-04-05,276,A地双桥路店,11001020,韩国海牌海苔 / 韩国海飘海苔,包装海苔,晴,1,0,0,0.07778432375348415,hybrid_low_q1_regular_ridge,低销量指数平滑-常规Ridge混合,very_sparse,1,天气、温度、风力、活动日为历史同月日参考；节假日按2022清明日历设定；低销量组合使用问题一指数平滑，非低销量组合使用综合Ridge
2022-04-05,276,A地双桥路店,11002170,三养辣火鸡味拌面,速食类,晴,1,0,0,0.13194093933423176,hybrid_low_q1_regular_ridge,低销量指数平滑-常规Ridge混合,very_sparse,1,天气、温度、风力、活动日为历史同月日参考；节假日按2022清明日历设定；低销量组合使用问题一指数平滑，非低销量组合使用综合Ridge
2022-04-05,276,A地双桥路店,11002561,乡吧哥蜜汁鸡翅,包装散称,晴,1,0,0,0.32597375512041915,hybrid_low_q1_regular_ridge,低销量指数平滑-常规Ridge混合,very_sparse,1,天气、温度、风力、活动日为历史同月日参考；节假日按2022清明日历设定；低销量组合使用问题一指数平滑，非低销量组合使用综合Ridge
2022-04-05,276,A地双桥路店,11002605,老板仔香脆海苔卷（原味）,包装海苔,晴,1,0,0,0.10321785142313557,hybrid_low_q1_regular_ridge,低销量指数平滑-常规Ridge混合,very_sparse,1,天气、温度、风力、活动日为历史同月日参考；节假日按2022清明日历设定；低销量组合使用问题一指数平滑，非低销量组合使用综合Ridge
2022-04-05,276,A地双桥路店,11005780,大丰古法瓜子,包装坚果,晴,1,0,0,0.0,hybrid_low_q1_regular_ridge,低销量指数平滑-常规Ridge混合,very_sparse,1,天气、温度、风力、活动日为历史同月日参考；节假日按2022清明日历设定；低销量组合使用问题一指数平滑，非低销量组合使用综合Ridge
2022-04-05,276,A地双桥路店,11008516,李子柒螺蛳粉335g,速食类,晴,1,0,0,0.0,hybrid_low_q1_regular_ridge,低销量指数平滑-常规Ridge混合,very_sparse,1,天气、温度、风力、活动日为历史同月日参考；节假日按2022清明日历设定；低销量组合使用问题一指数平滑，非低销量组合使用综合Ridge
2022-04-05,276,A地双桥路店,12000134,百事可乐600ml,碳酸饮料,晴,1,0,0,0.43283342937486996,hybrid_low_q1_regular_ridge,低销量指数平滑-常规Ridge混合,very_sparse,1,天气、温度、风力、活动日为历史同月日参考；节假日按2022清明日历设定；低销量组合使用问题一指数平滑，非低销量组合使用综合Ridge
2022-04-05,276,A地双桥路店,12000292,红牛,功能饮料,晴,1,0,0,1.007961605577367,hybrid_low_q1_regular_ridge,低销量指数平滑-常规Ridge混合,very_sparse,1,天气、温度、风力、活动日为历史同月日参考；节假日按2022清明日历设定；低销量组合使用问题一指数平滑，非低销量组合使用综合Ridge
2022-04-05,276,A地双桥路店,12001131,旺仔牛奶,乳类饮品,晴,1,0,0,0.062340724888115366,hybrid_low_q1_regular_ridge,低销量指数平滑-常规Ridge混合,very_sparse,1,天气、温度、风力、活动日为历史同月日参考；节假日按2022清明日历设定；低销量组合使用问题一指数平滑，非低销量组合使用综合Ridge
2022-04-06,14,C地彩虹南路店,11000405,百事可乐330ml,碳酸饮料,多云,0,0,0,2.6802810095765874,hybrid_low_q1_regular_ridge,低销量指数平滑-常规Ridge混合,volatile,0,天气、温度、风力、活动日为历史同月日参考；节假日按2022清明日历设定；低销量组合使用问题一指数平滑，非低销量组合使用综合Ridge
2022-04-06,14,C地彩虹南路店,11001020,韩国海牌海苔 / 韩国海飘海苔,包装海苔,多云,0,0,0,0.2043674902920815,hybrid_low_q1_regular_ridge,低销量指数平滑-常规Ridge混合,intermittent,0,天气、温度、风力、活动日为历史同月日参考；节假日按2022清明日历设定；低销量组合使用问题一指数平滑，非低销量组合使用综合Ridge
2022-04-06,14,C地彩虹南路店,11002170,三养辣火鸡味拌面,速食类,多云,0,0,0,0.2656404976078264,hybrid_low_q1_regular_ridge,低销量指数平滑-常规Ridge混合,very_sparse,1,天气、温度、风力、活动日为历史同月日参考；节假日按2022清明日历设定；低销量组合使用问题一指数平滑，非低销量组合使用综合Ridge
2022-04-06,14,C地彩虹南路店,11002561,乡吧哥蜜汁鸡翅,包装散称,多云,0,0,0,5.490745055652785,hybrid_low_q1_regular_ridge,低销量指数平滑-常规Ridge混合,volatile,0,天气、温度、风力、活动日为历史同月日参考；节假日按2022清明日历设定；低销量组合使用问题一指数平滑，非低销量组合使用综合Ridge
2022-04-06,14,C地彩虹南路店,11002605,老板仔香脆海苔卷（原味）,包装海苔,多云,0,0,0,0.0001113827502271514,hybrid_low_q1_regular_ridge,低销量指数平滑-常规Ridge混合,low_volume_intermittent,1,天气、温度、风力、活动日为历史同月日参考；节假日按2022清明日历设定；低销量组合使用问题一指数平滑，非低销量组合使用综合Ridge
2022-04-06,14,C地彩虹南路店,11004973,特仑苏纯牛奶,乳类饮品,多云,0,0,0,0.0891754318259019,hybrid_low_q1_regular_ridge,低销量指数平滑-常规Ridge混合,intermittent,0,天气、温度、风力、活动日为历史同月日参考；节假日按2022清明日历设定；低销量组合使用问题一指数平滑，非低销量组合使用综合Ridge
2022-04-06,14,C地彩虹南路店,11005780,大丰古法瓜子,包装坚果,多云,0,0,0,0.0968491105859783,hybrid_low_q1_regular_ridge,低销量指数平滑-常规Ridge混合,regular,0,天气、温度、风力、活动日为历史同月日参考；节假日按2022清明日历设定；低销量组合使用问题一指数平滑，非低销量组合使用综合Ridge
2022-04-06,14,C地彩虹南路店,11008516,李子柒螺蛳粉335g,速食类,多云,0,0,0,1.7812264202845633,hybrid_low_q1_regular_ridge,低销量指数平滑-常规Ridge混合,low_volume_intermittent,1,天气、温度、风力、活动日为历史同月日参考；节假日按2022清明日历设定；低销量组合使用问题一指数平滑，非低销量组合使用综合Ridge
2022-04-06,14,C地彩虹南路店,11008644,洽洽早餐每日坚果（燕麦片）,包装冲饮,多云,0,0,0,0.0,hybrid_low_q1_regular_ridge,低销量指数平滑-常规Ridge混合,very_sparse,1,天气、温度、风力、活动日为历史同月日参考；节假日按2022清明日历设定；低销量组合使用问题一指数平滑，非低销量组合使用综合Ridge
2022-04-06,14,C地彩虹南路店,12000134,百事可乐600ml,碳酸饮料,多云,0,0,0,1.3764917454737478,hybrid_low_q1_regular_ridge,低销量指数平滑-常规Ridge混合,regular,0,天气、温度、风力、活动日为历史同月日参考；节假日按2022清明日历设定；低销量组合使用问题一指数平滑，非低销量组合使用综合Ridge
2022-04-06,14,C地彩虹南路店,12000292,红牛,功能饮料,多云,0,0,0,6.183545234564571,hybrid_low_q1_regular_ridge,低销量指数平滑-常规Ridge混合,regular,0,天气、温度、风力、活动日为历史同月日参考；节假日按2022清明日历设定；低销量组合使用问题一指数平滑，非低销量组合使用综合Ridge
2022-04-06,14,C地彩虹南路店,12001131,旺仔牛奶,乳类饮品,多云,0,0,0,1.845730857024244,hybrid_low_q1_regular_ridge,低销量指数平滑-常规Ridge混合,intermittent,0,天气、温度、风力、活动日为历史同月日参考；节假日按2022清明日历设定；低销量组合使用问题一指数平滑，非低销量组合使用综合Ridge
2022-04-06,18,A地天九街店,11000405,百事可乐330ml,碳酸饮料,多云,0,0,0,3.81806960289414,hybrid_low_q1_regular_ridge,低销量指数平滑-常规Ridge混合,intermittent,0,天气、温度、风力、活动日为历史同月日参考；节假日按2022清明日历设定；低销量组合使用问题一指数平滑，非低销量组合使用综合Ridge
2022-04-06,18,A地天九街店,11001020,韩国海牌海苔 / 韩国海飘海苔,包装海苔,多云,0,0,0,1.5751331988579165,hybrid_low_q1_regular_ridge,低销量指数平滑-常规Ridge混合,intermittent,0,天气、温度、风力、活动日为历史同月日参考；节假日按2022清明日历设定；低销量组合使用问题一指数平滑，非低销量组合使用综合Ridge
2022-04-06,18,A地天九街店,11002170,三养辣火鸡味拌面,速食类,多云,0,0,0,0.6837584841239029,hybrid_low_q1_regular_ridge,低销量指数平滑-常规Ridge混合,low_volume_intermittent,1,天气、温度、风力、活动日为历史同月日参考；节假日按2022清明日历设定；低销量组合使用问题一指数平滑，非低销量组合使用综合Ridge
2022-04-06,18,A地天九街店,11002561,乡吧哥蜜汁鸡翅,包装散称,多云,0,0,0,3.8274688607808094,hybrid_low_q1_regular_ridge,低销量指数平滑-常规Ridge混合,intermittent,0,天气、温度、风力、活动日为历史同月日参考；节假日按2022清明日历设定；低销量组合使用问题一指数平滑，非低销量组合使用综合Ridge
2022-04-06,18,A地天九街店,11002605,老板仔香脆海苔卷（原味）,包装海苔,多云,0,0,0,0.6106191011840001,hybrid_low_q1_regular_ridge,低销量指数平滑-常规Ridge混合,very_sparse,1,天气、温度、风力、活动日为历史同月日参考；节假日按2022清明日历设定；低销量组合使用问题一指数平滑，非低销量组合使用综合Ridge
2022-04-06,18,A地天九街店,11005780,大丰古法瓜子,包装坚果,多云,0,0,0,1.623549581302941,hybrid_low_q1_regular_ridge,低销量指数平滑-常规Ridge混合,intermittent,0,天气、温度、风力、活动日为历史同月日参考；节假日按2022清明日历设定；低销量组合使用问题一指数平滑，非低销量组合使用综合Ridge
2022-04-06,18,A地天九街店,11008516,李子柒螺蛳粉335g,速食类,多云,0,0,0,2.327877117427516e-05,hybrid_low_q1_regular_ridge,低销量指数平滑-常规Ridge混合,very_sparse,1,天气、温度、风力、活动日为历史同月日参考；节假日按2022清明日历设定；低销量组合使用问题一指数平滑，非低销量组合使用综合Ridge
2022-04-06,18,A地天九街店,12000134,百事可乐600ml,碳酸饮料,多云,0,0,0,3.178004075440517,hybrid_low_q1_regular_ridge,低销量指数平滑-常规Ridge混合,intermittent,0,天气、温度、风力、活动日为历史同月日参考；节假日按2022清明日历设定；低销量组合使用问题一指数平滑，非低销量组合使用综合Ridge
2022-04-06,18,A地天九街店,12000292,红牛,功能饮料,多云,0,0,0,14.68932396629933,hybrid_low_q1_regular_ridge,低销量指数平滑-常规Ridge混合,intermittent,0,天气、温度、风力、活动日为历史同月日参考；节假日按2022清明日历设定；低销量组合使用问题一指数平滑，非低销量组合使用综合Ridge
2022-04-06,18,A地天九街店,12001131,旺仔牛奶,乳类饮品,多云,0,0,0,2.455212473389041,hybrid_low_q1_regular_ridge,低销量指数平滑-常规Ridge混合,intermittent,0,天气、温度、风力、活动日为历史同月日参考；节假日按2022清明日历设定；低销量组合使用问题一指数平滑，非低销量组合使用综合Ridge
2022-04-06,23,C地姜山店,11000405,百事可乐330ml,碳酸饮料,多云,0,0,0,1.851250700813114,hybrid_low_q1_regular_ridge,低销量指数平滑-常规Ridge混合,intermittent,0,天气、温度、风力、活动日为历史同月日参考；节假日按2022清明日历设定；低销量组合使用问题一指数平滑，非低销量组合使用综合Ridge
2022-04-06,23,C地姜山店,11001020,韩国海牌海苔 / 韩国海飘海苔,包装海苔,多云,0,0,0,0.3608762729540711,hybrid_low_q1_regular_ridge,低销量指数平滑-常规Ridge混合,regular,0,天气、温度、风力、活动日为历史同月日参考；节假日按2022清明日历设定；低销量组合使用问题一指数平滑，非低销量组合使用综合Ridge
2022-04-06,23,C地姜山店,11002170,三养辣火鸡味拌面,速食类,多云,0,0,0,1.305728395949643,hybrid_low_q1_regular_ridge,低销量指数平滑-常规Ridge混合,low_volume_intermittent,1,天气、温度、风力、活动日为历史同月日参考；节假日按2022清明日历设定；低销量组合使用问题一指数平滑，非低销量组合使用综合Ridge
2022-04-06,23,C地姜山店,11002561,乡吧哥蜜汁鸡翅,包装散称,多云,0,0,0,15.821805839478554,hybrid_low_q1_regular_ridge,低销量指数平滑-常规Ridge混合,volatile,0,天气、温度、风力、活动日为历史同月日参考；节假日按2022清明日历设定；低销量组合使用问题一指数平滑，非低销量组合使用综合Ridge
2022-04-06,23,C地姜山店,11002605,老板仔香脆海苔卷（原味）,包装海苔,多云,0,0,0,0.1778540621710616,hybrid_low_q1_regular_ridge,低销量指数平滑-常规Ridge混合,intermittent,0,天气、温度、风力、活动日为历史同月日参考；节假日按2022清明日历设定；低销量组合使用问题一指数平滑，非低销量组合使用综合Ridge
2022-04-06,23,C地姜山店,11004973,特仑苏纯牛奶,乳类饮品,多云,0,0,0,0.0005453125873052109,hybrid_low_q1_regular_ridge,低销量指数平滑-常规Ridge混合,very_sparse,1,天气、温度、风力、活动日为历史同月日参考；节假日按2022清明日历设定；低销量组合使用问题一指数平滑，非低销量组合使用综合Ridge
2022-04-06,23,C地姜山店,11005780,大丰古法瓜子,包装坚果,多云,0,0,0,0.6538106820326813,hybrid_low_q1_regular_ridge,低销量指数平滑-常规Ridge混合,regular,0,天气、温度、风力、活动日为历史同月日参考；节假日按2022清明日历设定；低销量组合使用问题一指数平滑，非低销量组合使用综合Ridge
2022-04-06,23,C地姜山店,11008516,李子柒螺蛳粉335g,速食类,多云,0,0,0,0.8266765967666233,hybrid_low_q1_regular_ridge,低销量指数平滑-常规Ridge混合,intermittent,0,天气、温度、风力、活动日为历史同月日参考；节假日按2022清明日历设定；低销量组合使用问题一指数平滑，非低销量组合使用综合Ridge
2022-04-06,23,C地姜山店,12000134,百事可乐600ml,碳酸饮料,多云,0,0,0,1.412123987185815,hybrid_low_q1_regular_ridge,低销量指数平滑-常规Ridge混合,regular,0,天气、温度、风力、活动日为历史同月日参考；节假日按2022清明日历设定；低销量组合使用问题一指数平滑，非低销量组合使用综合Ridge
2022-04-06,23,C地姜山店,12000292,红牛,功能饮料,多云,0,0,0,4.293600486048103,hybrid_low_q1_regular_ridge,低销量指数平滑-常规Ridge混合,regular,0,天气、温度、风力、活动日为历史同月日参考；节假日按2022清明日历设定；低销量组合使用问题一指数平滑，非低销量组合使用综合Ridge
2022-04-06,23,C地姜山店,12001131,旺仔牛奶,乳类饮品,多云,0,0,0,0.841424847291721,hybrid_low_q1_regular_ridge,低销量指数平滑-常规Ridge混合,intermittent,0,天气、温度、风力、活动日为历史同月日参考；节假日按2022清明日历设定；低销量组合使用问题一指数平滑，非低销量组合使用综合Ridge
2022-04-06,47,C地桑田路店,11000405,百事可乐330ml,碳酸饮料,多云,0,0,0,1.903761700782605,hybrid_low_q1_regular_ridge,低销量指数平滑-常规Ridge混合,volatile,0,天气、温度、风力、活动日为历史同月日参考；节假日按2022清明日历设定；低销量组合使用问题一指数平滑，非低销量组合使用综合Ridge
2022-04-06,47,C地桑田路店,11001020,韩国海牌海苔 / 韩国海飘海苔,包装海苔,多云,0,0,0,2.4057973280842315,hybrid_low_q1_regular_ridge,低销量指数平滑-常规Ridge混合,volatile,0,天气、温度、风力、活动日为历史同月日参考；节假日按2022清明日历设定；低销量组合使用问题一指数平滑，非低销量组合使用综合Ridge
2022-04-06,47,C地桑田路店,11002170,三养辣火鸡味拌面,速食类,多云,0,0,0,0.5434370582394912,hybrid_low_q1_regular_ridge,低销量指数平滑-常规Ridge混合,low_volume_intermittent,1,天气、温度、风力、活动日为历史同月日参考；节假日按2022清明日历设定；低销量组合使用问题一指数平滑，非低销量组合使用综合Ridge
2022-04-06,47,C地桑田路店,11002561,乡吧哥蜜汁鸡翅,包装散称,多云,0,0,0,6.269816157762323,hybrid_low_q1_regular_ridge,低销量指数平滑-常规Ridge混合,regular,0,天气、温度、风力、活动日为历史同月日参考；节假日按2022清明日历设定；低销量组合使用问题一指数平滑，非低销量组合使用综合Ridge
2022-04-06,47,C地桑田路店,11002605,老板仔香脆海苔卷（原味）,包装海苔,多云,0,0,0,0.7817512917825585,hybrid_low_q1_regular_ridge,低销量指数平滑-常规Ridge混合,intermittent,0,天气、温度、风力、活动日为历史同月日参考；节假日按2022清明日历设定；低销量组合使用问题一指数平滑，非低销量组合使用综合Ridge
2022-04-06,47,C地桑田路店,11005780,大丰古法瓜子,包装坚果,多云,0,0,0,1.0499160718773253,hybrid_low_q1_regular_ridge,低销量指数平滑-常规Ridge混合,intermittent,0,天气、温度、风力、活动日为历史同月日参考；节假日按2022清明日历设定；低销量组合使用问题一指数平滑，非低销量组合使用综合Ridge
2022-04-06,47,C地桑田路店,11008516,李子柒螺蛳粉335g,速食类,多云,0,0,0,0.7740705311591362,hybrid_low_q1_regular_ridge,低销量指数平滑-常规Ridge混合,low_volume_intermittent,1,天气、温度、风力、活动日为历史同月日参考；节假日按2022清明日历设定；低销量组合使用问题一指数平滑，非低销量组合使用综合Ridge
2022-04-06,47,C地桑田路店,11008644,洽洽早餐每日坚果（燕麦片）,包装冲饮,多云,0,0,0,0.0,hybrid_low_q1_regular_ridge,低销量指数平滑-常规Ridge混合,very_sparse,1,天气、温度、风力、活动日为历史同月日参考；节假日按2022清明日历设定；低销量组合使用问题一指数平滑，非低销量组合使用综合Ridge
2022-04-06,47,C地桑田路店,12000134,百事可乐600ml,碳酸饮料,多云,0,0,0,2.275173705607993,hybrid_low_q1_regular_ridge,低销量指数平滑-常规Ridge混合,regular,0,天气、温度、风力、活动日为历史同月日参考；节假日按2022清明日历设定；低销量组合使用问题一指数平滑，非低销量组合使用综合Ridge
2022-04-06,47,C地桑田路店,12000292,红牛,功能饮料,多云,0,0,0,3.644986570398901,hybrid_low_q1_regular_ridge,低销量指数平滑-常规Ridge混合,volatile,0,天气、温度、风力、活动日为历史同月日参考；节假日按2022清明日历设定；低销量组合使用问题一指数平滑，非低销量组合使用综合Ridge
2022-04-06,47,C地桑田路店,12001131,旺仔牛奶,乳类饮品,多云,0,0,0,1.538504808107127,hybrid_low_q1_regular_ridge,低销量指数平滑-常规Ridge混合,intermittent,0,天气、温度、风力、活动日为历史同月日参考；节假日按2022清明日历设定；低销量组合使用问题一指数平滑，非低销量组合使用综合Ridge
2022-04-06,69,B地江山店店,11000405,百事可乐330ml,碳酸饮料,多云,0,0,0,3.3741136421015234,hybrid_low_q1_regular_ridge,低销量指数平滑-常规Ridge混合,regular,0,天气、温度、风力、活动日为历史同月日参考；节假日按2022清明日历设定；低销量组合使用问题一指数平滑，非低销量组合使用综合Ridge
2022-04-06,69,B地江山店店,11001020,韩国海牌海苔 / 韩国海飘海苔,包装海苔,多云,0,0,0,1.1062912922507255,hybrid_low_q1_regular_ridge,低销量指数平滑-常规Ridge混合,intermittent,0,天气、温度、风力、活动日为历史同月日参考；节假日按2022清明日历设定；低销量组合使用问题一指数平滑，非低销量组合使用综合Ridge
2022-04-06,69,B地江山店店,11002170,三养辣火鸡味拌面,速食类,多云,0,0,0,0.5239870553017352,hybrid_low_q1_regular_ridge,低销量指数平滑-常规Ridge混合,low_volume_intermittent,1,天气、温度、风力、活动日为历史同月日参考；节假日按2022清明日历设定；低销量组合使用问题一指数平滑，非低销量组合使用综合Ridge
2022-04-06,69,B地江山店店,11002561,乡吧哥蜜汁鸡翅,包装散称,多云,0,0,0,23.09964472344105,hybrid_low_q1_regular_ridge,低销量指数平滑-常规Ridge混合,volatile,0,天气、温度、风力、活动日为历史同月日参考；节假日按2022清明日历设定；低销量组合使用问题一指数平滑，非低销量组合使用综合Ridge
2022-04-06,69,B地江山店店,11002605,老板仔香脆海苔卷（原味）,包装海苔,多云,0,0,0,0.5595078426260726,hybrid_low_q1_regular_ridge,低销量指数平滑-常规Ridge混合,intermittent,0,天气、温度、风力、活动日为历史同月日参考；节假日按2022清明日历设定；低销量组合使用问题一指数平滑，非低销量组合使用综合Ridge
2022-04-06,69,B地江山店店,11005780,大丰古法瓜子,包装坚果,多云,0,0,0,2.299407884849847,hybrid_low_q1_regular_ridge,低销量指数平滑-常规Ridge混合,regular,0,天气、温度、风力、活动日为历史同月日参考；节假日按2022清明日历设定；低销量组合使用问题一指数平滑，非低销量组合使用综合Ridge
2022-04-06,69,B地江山店店,11008516,李子柒螺蛳粉335g,速食类,多云,0,0,0,1.462168692823946,hybrid_low_q1_regular_ridge,低销量指数平滑-常规Ridge混合,intermittent,0,天气、温度、风力、活动日为历史同月日参考；节假日按2022清明日历设定；低销量组合使用问题一指数平滑，非低销量组合使用综合Ridge
2022-04-06,69,B地江山店店,11008644,洽洽早餐每日坚果（燕麦片）,包装冲饮,多云,0,0,0,0.0,hybrid_low_q1_regular_ridge,低销量指数平滑-常规Ridge混合,very_sparse,1,天气、温度、风力、活动日为历史同月日参考；节假日按2022清明日历设定；低销量组合使用问题一指数平滑，非低销量组合使用综合Ridge
2022-04-06,69,B地江山店店,12000134,百事可乐600ml,碳酸饮料,多云,0,0,0,5.288697261890567,hybrid_low_q1_regular_ridge,低销量指数平滑-常规Ridge混合,regular,0,天气、温度、风力、活动日为历史同月日参考；节假日按2022清明日历设定；低销量组合使用问题一指数平滑，非低销量组合使用综合Ridge
2022-04-06,69,B地江山店店,12000292,红牛,功能饮料,多云,0,0,0,6.3243238877645,hybrid_low_q1_regular_ridge,低销量指数平滑-常规Ridge混合,volatile,0,天气、温度、风力、活动日为历史同月日参考；节假日按2022清明日历设定；低销量组合使用问题一指数平滑，非低销量组合使用综合Ridge
2022-04-06,69,B地江山店店,12001131,旺仔牛奶,乳类饮品,多云,0,0,0,2.007903922832913,hybrid_low_q1_regular_ridge,低销量指数平滑-常规Ridge混合,volatile,0,天气、温度、风力、活动日为历史同月日参考；节假日按2022清明日历设定；低销量组合使用问题一指数平滑，非低销量组合使用综合Ridge
2022-04-06,178,C地五乡镇店,11000405,百事可乐330ml,碳酸饮料,多云,0,0,0,4.640000015470197,hybrid_low_q1_regular_ridge,低销量指数平滑-常规Ridge混合,low_volume_intermittent,1,天气、温度、风力、活动日为历史同月日参考；节假日按2022清明日历设定；低销量组合使用问题一指数平滑，非低销量组合使用综合Ridge
2022-04-06,178,C地五乡镇店,11001020,韩国海牌海苔 / 韩国海飘海苔,包装海苔,多云,0,0,0,1.0837384913041794,hybrid_low_q1_regular_ridge,低销量指数平滑-常规Ridge混合,intermittent,0,天气、温度、风力、活动日为历史同月日参考；节假日按2022清明日历设定；低销量组合使用问题一指数平滑，非低销量组合使用综合Ridge
2022-04-06,178,C地五乡镇店,11002170,三养辣火鸡味拌面,速食类,多云,0,0,0,0.9190347042357384,hybrid_low_q1_regular_ridge,低销量指数平滑-常规Ridge混合,intermittent,0,天气、温度、风力、活动日为历史同月日参考；节假日按2022清明日历设定；低销量组合使用问题一指数平滑，非低销量组合使用综合Ridge
2022-04-06,178,C地五乡镇店,11002561,乡吧哥蜜汁鸡翅,包装散称,多云,0,0,0,10.004087471265676,hybrid_low_q1_regular_ridge,低销量指数平滑-常规Ridge混合,intermittent,0,天气、温度、风力、活动日为历史同月日参考；节假日按2022清明日历设定；低销量组合使用问题一指数平滑，非低销量组合使用综合Ridge
2022-04-06,178,C地五乡镇店,11002605,老板仔香脆海苔卷（原味）,包装海苔,多云,0,0,0,0.0,hybrid_low_q1_regular_ridge,低销量指数平滑-常规Ridge混合,very_sparse,1,天气、温度、风力、活动日为历史同月日参考；节假日按2022清明日历设定；低销量组合使用问题一指数平滑，非低销量组合使用综合Ridge
2022-04-06,178,C地五乡镇店,11004973,特仑苏纯牛奶,乳类饮品,多云,0,0,0,0.3008152635344523,hybrid_low_q1_regular_ridge,低销量指数平滑-常规Ridge混合,very_sparse,1,天气、温度、风力、活动日为历史同月日参考；节假日按2022清明日历设定；低销量组合使用问题一指数平滑，非低销量组合使用综合Ridge
2022-04-06,178,C地五乡镇店,11005780,大丰古法瓜子,包装坚果,多云,0,0,0,0.8730901937474458,hybrid_low_q1_regular_ridge,低销量指数平滑-常规Ridge混合,low_volume_intermittent,1,天气、温度、风力、活动日为历史同月日参考；节假日按2022清明日历设定；低销量组合使用问题一指数平滑，非低销量组合使用综合Ridge
2022-04-06,178,C地五乡镇店,11008516,李子柒螺蛳粉335g,速食类,多云,0,0,0,2.256989645991516,hybrid_low_q1_regular_ridge,低销量指数平滑-常规Ridge混合,intermittent,0,天气、温度、风力、活动日为历史同月日参考；节假日按2022清明日历设定；低销量组合使用问题一指数平滑，非低销量组合使用综合Ridge
2022-04-06,178,C地五乡镇店,12000134,百事可乐600ml,碳酸饮料,多云,0,0,0,3.1615584064296613,hybrid_low_q1_regular_ridge,低销量指数平滑-常规Ridge混合,intermittent,0,天气、温度、风力、活动日为历史同月日参考；节假日按2022清明日历设定；低销量组合使用问题一指数平滑，非低销量组合使用综合Ridge
2022-04-06,178,C地五乡镇店,12000292,红牛,功能饮料,多云,0,0,0,17.411851167320254,hybrid_low_q1_regular_ridge,低销量指数平滑-常规Ridge混合,volatile,0,天气、温度、风力、活动日为历史同月日参考；节假日按2022清明日历设定；低销量组合使用问题一指数平滑，非低销量组合使用综合Ridge
2022-04-06,178,C地五乡镇店,12001131,旺仔牛奶,乳类饮品,多云,0,0,0,3.6191175774797766,hybrid_low_q1_regular_ridge,低销量指数平滑-常规Ridge混合,intermittent,0,天气、温度、风力、活动日为历史同月日参考；节假日按2022清明日历设定；低销量组合使用问题一指数平滑，非低销量组合使用综合Ridge
2022-04-06,276,A地双桥路店,11000405,百事可乐330ml,碳酸饮料,多云,0,0,0,0.2689054531264976,hybrid_low_q1_regular_ridge,低销量指数平滑-常规Ridge混合,very_sparse,1,天气、温度、风力、活动日为历史同月日参考；节假日按2022清明日历设定；低销量组合使用问题一指数平滑，非低销量组合使用综合Ridge
2022-04-06,276,A地双桥路店,11001020,韩国海牌海苔 / 韩国海飘海苔,包装海苔,多云,0,0,0,0.07778432375348415,hybrid_low_q1_regular_ridge,低销量指数平滑-常规Ridge混合,very_sparse,1,天气、温度、风力、活动日为历史同月日参考；节假日按2022清明日历设定；低销量组合使用问题一指数平滑，非低销量组合使用综合Ridge
2022-04-06,276,A地双桥路店,11002170,三养辣火鸡味拌面,速食类,多云,0,0,0,0.13194093933423176,hybrid_low_q1_regular_ridge,低销量指数平滑-常规Ridge混合,very_sparse,1,天气、温度、风力、活动日为历史同月日参考；节假日按2022清明日历设定；低销量组合使用问题一指数平滑，非低销量组合使用综合Ridge
2022-04-06,276,A地双桥路店,11002561,乡吧哥蜜汁鸡翅,包装散称,多云,0,0,0,0.32597375512041915,hybrid_low_q1_regular_ridge,低销量指数平滑-常规Ridge混合,very_sparse,1,天气、温度、风力、活动日为历史同月日参考；节假日按2022清明日历设定；低销量组合使用问题一指数平滑，非低销量组合使用综合Ridge
2022-04-06,276,A地双桥路店,11002605,老板仔香脆海苔卷（原味）,包装海苔,多云,0,0,0,0.10321785142313557,hybrid_low_q1_regular_ridge,低销量指数平滑-常规Ridge混合,very_sparse,1,天气、温度、风力、活动日为历史同月日参考；节假日按2022清明日历设定；低销量组合使用问题一指数平滑，非低销量组合使用综合Ridge
2022-04-06,276,A地双桥路店,11005780,大丰古法瓜子,包装坚果,多云,0,0,0,0.0,hybrid_low_q1_regular_ridge,低销量指数平滑-常规Ridge混合,very_sparse,1,天气、温度、风力、活动日为历史同月日参考；节假日按2022清明日历设定；低销量组合使用问题一指数平滑，非低销量组合使用综合Ridge
2022-04-06,276,A地双桥路店,11008516,李子柒螺蛳粉335g,速食类,多云,0,0,0,0.0,hybrid_low_q1_regular_ridge,低销量指数平滑-常规Ridge混合,very_sparse,1,天气、温度、风力、活动日为历史同月日参考；节假日按2022清明日历设定；低销量组合使用问题一指数平滑，非低销量组合使用综合Ridge
2022-04-06,276,A地双桥路店,12000134,百事可乐600ml,碳酸饮料,多云,0,0,0,0.43283342937486996,hybrid_low_q1_regular_ridge,低销量指数平滑-常规Ridge混合,very_sparse,1,天气、温度、风力、活动日为历史同月日参考；节假日按2022清明日历设定；低销量组合使用问题一指数平滑，非低销量组合使用综合Ridge
2022-04-06,276,A地双桥路店,12000292,红牛,功能饮料,多云,0,0,0,1.007961605577367,hybrid_low_q1_regular_ridge,低销量指数平滑-常规Ridge混合,very_sparse,1,天气、温度、风力、活动日为历史同月日参考；节假日按2022清明日历设定；低销量组合使用问题一指数平滑，非低销量组合使用综合Ridge
2022-04-06,276,A地双桥路店,12001131,旺仔牛奶,乳类饮品,多云,0,0,0,0.062340724888115366,hybrid_low_q1_regular_ridge,低销量指数平滑-常规Ridge混合,very_sparse,1,天气、温度、风力、活动日为历史同月日参考；节假日按2022清明日历设定；低销量组合使用问题一指数平滑，非低销量组合使用综合Ridge
2022-04-07,14,C地彩虹南路店,11000405,百事可乐330ml,碳酸饮料,多云,0,0,0,2.7633840050613294,hybrid_low_q1_regular_ridge,低销量指数平滑-常规Ridge混合,volatile,0,天气、温度、风力、活动日为历史同月日参考；节假日按2022清明日历设定；低销量组合使用问题一指数平滑，非低销量组合使用综合Ridge
2022-04-07,14,C地彩虹南路店,11001020,韩国海牌海苔 / 韩国海飘海苔,包装海苔,多云,0,0,0,0.2600433947001155,hybrid_low_q1_regular_ridge,低销量指数平滑-常规Ridge混合,intermittent,0,天气、温度、风力、活动日为历史同月日参考；节假日按2022清明日历设定；低销量组合使用问题一指数平滑，非低销量组合使用综合Ridge
2022-04-07,14,C地彩虹南路店,11002170,三养辣火鸡味拌面,速食类,多云,0,0,0,0.2656404976078264,hybrid_low_q1_regular_ridge,低销量指数平滑-常规Ridge混合,very_sparse,1,天气、温度、风力、活动日为历史同月日参考；节假日按2022清明日历设定；低销量组合使用问题一指数平滑，非低销量组合使用综合Ridge
2022-04-07,14,C地彩虹南路店,11002561,乡吧哥蜜汁鸡翅,包装散称,多云,0,0,0,5.451276107673083,hybrid_low_q1_regular_ridge,低销量指数平滑-常规Ridge混合,volatile,0,天气、温度、风力、活动日为历史同月日参考；节假日按2022清明日历设定；低销量组合使用问题一指数平滑，非低销量组合使用综合Ridge
2022-04-07,14,C地彩虹南路店,11002605,老板仔香脆海苔卷（原味）,包装海苔,多云,0,0,0,0.0001113827502271514,hybrid_low_q1_regular_ridge,低销量指数平滑-常规Ridge混合,low_volume_intermittent,1,天气、温度、风力、活动日为历史同月日参考；节假日按2022清明日历设定；低销量组合使用问题一指数平滑，非低销量组合使用综合Ridge
2022-04-07,14,C地彩虹南路店,11004973,特仑苏纯牛奶,乳类饮品,多云,0,0,0,0.0587129279708893,hybrid_low_q1_regular_ridge,低销量指数平滑-常规Ridge混合,intermittent,0,天气、温度、风力、活动日为历史同月日参考；节假日按2022清明日历设定；低销量组合使用问题一指数平滑，非低销量组合使用综合Ridge
2022-04-07,14,C地彩虹南路店,11005780,大丰古法瓜子,包装坚果,多云,0,0,0,0.1347204034423228,hybrid_low_q1_regular_ridge,低销量指数平滑-常规Ridge混合,regular,0,天气、温度、风力、活动日为历史同月日参考；节假日按2022清明日历设定；低销量组合使用问题一指数平滑，非低销量组合使用综合Ridge
2022-04-07,14,C地彩虹南路店,11008516,李子柒螺蛳粉335g,速食类,多云,0,0,0,1.7812264202845633,hybrid_low_q1_regular_ridge,低销量指数平滑-常规Ridge混合,low_volume_intermittent,1,天气、温度、风力、活动日为历史同月日参考；节假日按2022清明日历设定；低销量组合使用问题一指数平滑，非低销量组合使用综合Ridge
2022-04-07,14,C地彩虹南路店,11008644,洽洽早餐每日坚果（燕麦片）,包装冲饮,多云,0,0,0,0.0,hybrid_low_q1_regular_ridge,低销量指数平滑-常规Ridge混合,very_sparse,1,天气、温度、风力、活动日为历史同月日参考；节假日按2022清明日历设定；低销量组合使用问题一指数平滑，非低销量组合使用综合Ridge
2022-04-07,14,C地彩虹南路店,12000134,百事可乐600ml,碳酸饮料,多云,0,0,0,1.3873308493958825,hybrid_low_q1_regular_ridge,低销量指数平滑-常规Ridge混合,regular,0,天气、温度、风力、活动日为历史同月日参考；节假日按2022清明日历设定；低销量组合使用问题一指数平滑，非低销量组合使用综合Ridge
2022-04-07,14,C地彩虹南路店,12000292,红牛,功能饮料,多云,0,0,0,6.942669484401206,hybrid_low_q1_regular_ridge,低销量指数平滑-常规Ridge混合,regular,0,天气、温度、风力、活动日为历史同月日参考；节假日按2022清明日历设定；低销量组合使用问题一指数平滑，非低销量组合使用综合Ridge
2022-04-07,14,C地彩虹南路店,12001131,旺仔牛奶,乳类饮品,多云,0,0,0,1.9130167199231167,hybrid_low_q1_regular_ridge,低销量指数平滑-常规Ridge混合,intermittent,0,天气、温度、风力、活动日为历史同月日参考；节假日按2022清明日历设定；低销量组合使用问题一指数平滑，非低销量组合使用综合Ridge
2022-04-07,18,A地天九街店,11000405,百事可乐330ml,碳酸饮料,多云,0,0,0,3.674475618266931,hybrid_low_q1_regular_ridge,低销量指数平滑-常规Ridge混合,intermittent,0,天气、温度、风力、活动日为历史同月日参考；节假日按2022清明日历设定；低销量组合使用问题一指数平滑，非低销量组合使用综合Ridge
2022-04-07,18,A地天九街店,11001020,韩国海牌海苔 / 韩国海飘海苔,包装海苔,多云,0,0,0,1.498378332061778,hybrid_low_q1_regular_ridge,低销量指数平滑-常规Ridge混合,intermittent,0,天气、温度、风力、活动日为历史同月日参考；节假日按2022清明日历设定；低销量组合使用问题一指数平滑，非低销量组合使用综合Ridge
2022-04-07,18,A地天九街店,11002170,三养辣火鸡味拌面,速食类,多云,0,0,0,0.6837584841239029,hybrid_low_q1_regular_ridge,低销量指数平滑-常规Ridge混合,low_volume_intermittent,1,天气、温度、风力、活动日为历史同月日参考；节假日按2022清明日历设定；低销量组合使用问题一指数平滑，非低销量组合使用综合Ridge
2022-04-07,18,A地天九街店,11002561,乡吧哥蜜汁鸡翅,包装散称,多云,0,0,0,4.483420134647767,hybrid_low_q1_regular_ridge,低销量指数平滑-常规Ridge混合,intermittent,0,天气、温度、风力、活动日为历史同月日参考；节假日按2022清明日历设定；低销量组合使用问题一指数平滑，非低销量组合使用综合Ridge
2022-04-07,18,A地天九街店,11002605,老板仔香脆海苔卷（原味）,包装海苔,多云,0,0,0,0.6106191011840001,hybrid_low_q1_regular_ridge,低销量指数平滑-常规Ridge混合,very_sparse,1,天气、温度、风力、活动日为历史同月日参考；节假日按2022清明日历设定；低销量组合使用问题一指数平滑，非低销量组合使用综合Ridge
2022-04-07,18,A地天九街店,11005780,大丰古法瓜子,包装坚果,多云,0,0,0,1.7428904571327335,hybrid_low_q1_regular_ridge,低销量指数平滑-常规Ridge混合,intermittent,0,天气、温度、风力、活动日为历史同月日参考；节假日按2022清明日历设定；低销量组合使用问题一指数平滑，非低销量组合使用综合Ridge
2022-04-07,18,A地天九街店,11008516,李子柒螺蛳粉335g,速食类,多云,0,0,0,2.327877117427516e-05,hybrid_low_q1_regular_ridge,低销量指数平滑-常规Ridge混合,very_sparse,1,天气、温度、风力、活动日为历史同月日参考；节假日按2022清明日历设定；低销量组合使用问题一指数平滑，非低销量组合使用综合Ridge
2022-04-07,18,A地天九街店,12000134,百事可乐600ml,碳酸饮料,多云,0,0,0,3.14431622153807,hybrid_low_q1_regular_ridge,低销量指数平滑-常规Ridge混合,intermittent,0,天气、温度、风力、活动日为历史同月日参考；节假日按2022清明日历设定；低销量组合使用问题一指数平滑，非低销量组合使用综合Ridge
2022-04-07,18,A地天九街店,12000292,红牛,功能饮料,多云,0,0,0,14.767314001241292,hybrid_low_q1_regular_ridge,低销量指数平滑-常规Ridge混合,intermittent,0,天气、温度、风力、活动日为历史同月日参考；节假日按2022清明日历设定；低销量组合使用问题一指数平滑，非低销量组合使用综合Ridge
2022-04-07,18,A地天九街店,12001131,旺仔牛奶,乳类饮品,多云,0,0,0,2.6765190039474924,hybrid_low_q1_regular_ridge,低销量指数平滑-常规Ridge混合,intermittent,0,天气、温度、风力、活动日为历史同月日参考；节假日按2022清明日历设定；低销量组合使用问题一指数平滑，非低销量组合使用综合Ridge
2022-04-07,23,C地姜山店,11000405,百事可乐330ml,碳酸饮料,多云,0,0,0,1.878227454521781,hybrid_low_q1_regular_ridge,低销量指数平滑-常规Ridge混合,intermittent,0,天气、温度、风力、活动日为历史同月日参考；节假日按2022清明日历设定；低销量组合使用问题一指数平滑，非低销量组合使用综合Ridge
2022-04-07,23,C地姜山店,11001020,韩国海牌海苔 / 韩国海飘海苔,包装海苔,多云,0,0,0,0.4370069125638913,hybrid_low_q1_regular_ridge,低销量指数平滑-常规Ridge混合,regular,0,天气、温度、风力、活动日为历史同月日参考；节假日按2022清明日历设定；低销量组合使用问题一指数平滑，非低销量组合使用综合Ridge
2022-04-07,23,C地姜山店,11002170,三养辣火鸡味拌面,速食类,多云,0,0,0,1.305728395949643,hybrid_low_q1_regular_ridge,低销量指数平滑-常规Ridge混合,low_volume_intermittent,1,天气、温度、风力、活动日为历史同月日参考；节假日按2022清明日历设定；低销量组合使用问题一指数平滑，非低销量组合使用综合Ridge
2022-04-07,23,C地姜山店,11002561,乡吧哥蜜汁鸡翅,包装散称,多云,0,0,0,15.671990881047174,hybrid_low_q1_regular_ridge,低销量指数平滑-常规Ridge混合,volatile,0,天气、温度、风力、活动日为历史同月日参考；节假日按2022清明日历设定；低销量组合使用问题一指数平滑，非低销量组合使用综合Ridge
2022-04-07,23,C地姜山店,11002605,老板仔香脆海苔卷（原味）,包装海苔,多云,0,0,0,0.1139177758903065,hybrid_low_q1_regular_ridge,低销量指数平滑-常规Ridge混合,intermittent,0,天气、温度、风力、活动日为历史同月日参考；节假日按2022清明日历设定；低销量组合使用问题一指数平滑，非低销量组合使用综合Ridge
2022-04-07,23,C地姜山店,11004973,特仑苏纯牛奶,乳类饮品,多云,0,0,0,0.0005453125873052109,hybrid_low_q1_regular_ridge,低销量指数平滑-常规Ridge混合,very_sparse,1,天气、温度、风力、活动日为历史同月日参考；节假日按2022清明日历设定；低销量组合使用问题一指数平滑，非低销量组合使用综合Ridge
2022-04-07,23,C地姜山店,11005780,大丰古法瓜子,包装坚果,多云,0,0,0,0.6205395747642675,hybrid_low_q1_regular_ridge,低销量指数平滑-常规Ridge混合,regular,0,天气、温度、风力、活动日为历史同月日参考；节假日按2022清明日历设定；低销量组合使用问题一指数平滑，非低销量组合使用综合Ridge
2022-04-07,23,C地姜山店,11008516,李子柒螺蛳粉335g,速食类,多云,0,0,0,0.7944586871152453,hybrid_low_q1_regular_ridge,低销量指数平滑-常规Ridge混合,intermittent,0,天气、温度、风力、活动日为历史同月日参考；节假日按2022清明日历设定；低销量组合使用问题一指数平滑，非低销量组合使用综合Ridge
2022-04-07,23,C地姜山店,12000134,百事可乐600ml,碳酸饮料,多云,0,0,0,1.5028969379453807,hybrid_low_q1_regular_ridge,低销量指数平滑-常规Ridge混合,regular,0,天气、温度、风力、活动日为历史同月日参考；节假日按2022清明日历设定；低销量组合使用问题一指数平滑，非低销量组合使用综合Ridge
2022-04-07,23,C地姜山店,12000292,红牛,功能饮料,多云,0,0,0,4.494095080243172,hybrid_low_q1_regular_ridge,低销量指数平滑-常规Ridge混合,regular,0,天气、温度、风力、活动日为历史同月日参考；节假日按2022清明日历设定；低销量组合使用问题一指数平滑，非低销量组合使用综合Ridge
2022-04-07,23,C地姜山店,12001131,旺仔牛奶,乳类饮品,多云,0,0,0,0.8588674127894489,hybrid_low_q1_regular_ridge,低销量指数平滑-常规Ridge混合,intermittent,0,天气、温度、风力、活动日为历史同月日参考；节假日按2022清明日历设定；低销量组合使用问题一指数平滑，非低销量组合使用综合Ridge
2022-04-07,47,C地桑田路店,11000405,百事可乐330ml,碳酸饮料,多云,0,0,0,2.058277738915414,hybrid_low_q1_regular_ridge,低销量指数平滑-常规Ridge混合,volatile,0,天气、温度、风力、活动日为历史同月日参考；节假日按2022清明日历设定；低销量组合使用问题一指数平滑，非低销量组合使用综合Ridge
2022-04-07,47,C地桑田路店,11001020,韩国海牌海苔 / 韩国海飘海苔,包装海苔,多云,0,0,0,2.2088241645046107,hybrid_low_q1_regular_ridge,低销量指数平滑-常规Ridge混合,volatile,0,天气、温度、风力、活动日为历史同月日参考；节假日按2022清明日历设定；低销量组合使用问题一指数平滑，非低销量组合使用综合Ridge
2022-04-07,47,C地桑田路店,11002170,三养辣火鸡味拌面,速食类,多云,0,0,0,0.5434370582394912,hybrid_low_q1_regular_ridge,低销量指数平滑-常规Ridge混合,low_volume_intermittent,1,天气、温度、风力、活动日为历史同月日参考；节假日按2022清明日历设定；低销量组合使用问题一指数平滑，非低销量组合使用综合Ridge
2022-04-07,47,C地桑田路店,11002561,乡吧哥蜜汁鸡翅,包装散称,多云,0,0,0,7.1479054399855,hybrid_low_q1_regular_ridge,低销量指数平滑-常规Ridge混合,regular,0,天气、温度、风力、活动日为历史同月日参考；节假日按2022清明日历设定；低销量组合使用问题一指数平滑，非低销量组合使用综合Ridge
2022-04-07,47,C地桑田路店,11002605,老板仔香脆海苔卷（原味）,包装海苔,多云,0,0,0,0.7406659490837695,hybrid_low_q1_regular_ridge,低销量指数平滑-常规Ridge混合,intermittent,0,天气、温度、风力、活动日为历史同月日参考；节假日按2022清明日历设定；低销量组合使用问题一指数平滑，非低销量组合使用综合Ridge
2022-04-07,47,C地桑田路店,11005780,大丰古法瓜子,包装坚果,多云,0,0,0,1.0142104289915663,hybrid_low_q1_regular_ridge,低销量指数平滑-常规Ridge混合,intermittent,0,天气、温度、风力、活动日为历史同月日参考；节假日按2022清明日历设定；低销量组合使用问题一指数平滑，非低销量组合使用综合Ridge
2022-04-07,47,C地桑田路店,11008516,李子柒螺蛳粉335g,速食类,多云,0,0,0,0.7740705311591362,hybrid_low_q1_regular_ridge,低销量指数平滑-常规Ridge混合,low_volume_intermittent,1,天气、温度、风力、活动日为历史同月日参考；节假日按2022清明日历设定；低销量组合使用问题一指数平滑，非低销量组合使用综合Ridge
2022-04-07,47,C地桑田路店,11008644,洽洽早餐每日坚果（燕麦片）,包装冲饮,多云,0,0,0,0.0,hybrid_low_q1_regular_ridge,低销量指数平滑-常规Ridge混合,very_sparse,1,天气、温度、风力、活动日为历史同月日参考；节假日按2022清明日历设定；低销量组合使用问题一指数平滑，非低销量组合使用综合Ridge
2022-04-07,47,C地桑田路店,12000134,百事可乐600ml,碳酸饮料,多云,0,0,0,2.18326397585453,hybrid_low_q1_regular_ridge,低销量指数平滑-常规Ridge混合,regular,0,天气、温度、风力、活动日为历史同月日参考；节假日按2022清明日历设定；低销量组合使用问题一指数平滑，非低销量组合使用综合Ridge
2022-04-07,47,C地桑田路店,12000292,红牛,功能饮料,多云,0,0,0,4.229284812506165,hybrid_low_q1_regular_ridge,低销量指数平滑-常规Ridge混合,volatile,0,天气、温度、风力、活动日为历史同月日参考；节假日按2022清明日历设定；低销量组合使用问题一指数平滑，非低销量组合使用综合Ridge
2022-04-07,47,C地桑田路店,12001131,旺仔牛奶,乳类饮品,多云,0,0,0,1.5093901011348825,hybrid_low_q1_regular_ridge,低销量指数平滑-常规Ridge混合,intermittent,0,天气、温度、风力、活动日为历史同月日参考；节假日按2022清明日历设定；低销量组合使用问题一指数平滑，非低销量组合使用综合Ridge
2022-04-07,69,B地江山店店,11000405,百事可乐330ml,碳酸饮料,多云,0,0,0,3.589852089868998,hybrid_low_q1_regular_ridge,低销量指数平滑-常规Ridge混合,regular,0,天气、温度、风力、活动日为历史同月日参考；节假日按2022清明日历设定；低销量组合使用问题一指数平滑，非低销量组合使用综合Ridge
2022-04-07,69,B地江山店店,11001020,韩国海牌海苔 / 韩国海飘海苔,包装海苔,多云,0,0,0,1.3023459918232616,hybrid_low_q1_regular_ridge,低销量指数平滑-常规Ridge混合,intermittent,0,天气、温度、风力、活动日为历史同月日参考；节假日按2022清明日历设定；低销量组合使用问题一指数平滑，非低销量组合使用综合Ridge
2022-04-07,69,B地江山店店,11002170,三养辣火鸡味拌面,速食类,多云,0,0,0,0.5239870553017352,hybrid_low_q1_regular_ridge,低销量指数平滑-常规Ridge混合,low_volume_intermittent,1,天气、温度、风力、活动日为历史同月日参考；节假日按2022清明日历设定；低销量组合使用问题一指数平滑，非低销量组合使用综合Ridge
2022-04-07,69,B地江山店店,11002561,乡吧哥蜜汁鸡翅,包装散称,多云,0,0,0,22.961507636056588,hybrid_low_q1_regular_ridge,低销量指数平滑-常规Ridge混合,volatile,0,天气、温度、风力、活动日为历史同月日参考；节假日按2022清明日历设定；低销量组合使用问题一指数平滑，非低销量组合使用综合Ridge
2022-04-07,69,B地江山店店,11002605,老板仔香脆海苔卷（原味）,包装海苔,多云,0,0,0,0.671646655609077,hybrid_low_q1_regular_ridge,低销量指数平滑-常规Ridge混合,intermittent,0,天气、温度、风力、活动日为历史同月日参考；节假日按2022清明日历设定；低销量组合使用问题一指数平滑，非低销量组合使用综合Ridge
2022-04-07,69,B地江山店店,11005780,大丰古法瓜子,包装坚果,多云,0,0,0,2.367905737583258,hybrid_low_q1_regular_ridge,低销量指数平滑-常规Ridge混合,regular,0,天气、温度、风力、活动日为历史同月日参考；节假日按2022清明日历设定；低销量组合使用问题一指数平滑，非低销量组合使用综合Ridge
2022-04-07,69,B地江山店店,11008516,李子柒螺蛳粉335g,速食类,多云,0,0,0,1.8126596586456931,hybrid_low_q1_regular_ridge,低销量指数平滑-常规Ridge混合,intermittent,0,天气、温度、风力、活动日为历史同月日参考；节假日按2022清明日历设定；低销量组合使用问题一指数平滑，非低销量组合使用综合Ridge
2022-04-07,69,B地江山店店,11008644,洽洽早餐每日坚果（燕麦片）,包装冲饮,多云,0,0,0,0.0,hybrid_low_q1_regular_ridge,低销量指数平滑-常规Ridge混合,very_sparse,1,天气、温度、风力、活动日为历史同月日参考；节假日按2022清明日历设定；低销量组合使用问题一指数平滑，非低销量组合使用综合Ridge
2022-04-07,69,B地江山店店,12000134,百事可乐600ml,碳酸饮料,多云,0,0,0,5.4796533475607525,hybrid_low_q1_regular_ridge,低销量指数平滑-常规Ridge混合,regular,0,天气、温度、风力、活动日为历史同月日参考；节假日按2022清明日历设定；低销量组合使用问题一指数平滑，非低销量组合使用综合Ridge
2022-04-07,69,B地江山店店,12000292,红牛,功能饮料,多云,0,0,0,7.503592855924095,hybrid_low_q1_regular_ridge,低销量指数平滑-常规Ridge混合,volatile,0,天气、温度、风力、活动日为历史同月日参考；节假日按2022清明日历设定；低销量组合使用问题一指数平滑，非低销量组合使用综合Ridge
2022-04-07,69,B地江山店店,12001131,旺仔牛奶,乳类饮品,多云,0,0,0,1.9665590585306656,hybrid_low_q1_regular_ridge,低销量指数平滑-常规Ridge混合,volatile,0,天气、温度、风力、活动日为历史同月日参考；节假日按2022清明日历设定；低销量组合使用问题一指数平滑，非低销量组合使用综合Ridge
2022-04-07,178,C地五乡镇店,11000405,百事可乐330ml,碳酸饮料,多云,0,0,0,4.640000015470197,hybrid_low_q1_regular_ridge,低销量指数平滑-常规Ridge混合,low_volume_intermittent,1,天气、温度、风力、活动日为历史同月日参考；节假日按2022清明日历设定；低销量组合使用问题一指数平滑，非低销量组合使用综合Ridge
2022-04-07,178,C地五乡镇店,11001020,韩国海牌海苔 / 韩国海飘海苔,包装海苔,多云,0,0,0,1.1219040523759736,hybrid_low_q1_regular_ridge,低销量指数平滑-常规Ridge混合,intermittent,0,天气、温度、风力、活动日为历史同月日参考；节假日按2022清明日历设定；低销量组合使用问题一指数平滑，非低销量组合使用综合Ridge
2022-04-07,178,C地五乡镇店,11002170,三养辣火鸡味拌面,速食类,多云,0,0,0,0.9215387297217772,hybrid_low_q1_regular_ridge,低销量指数平滑-常规Ridge混合,intermittent,0,天气、温度、风力、活动日为历史同月日参考；节假日按2022清明日历设定；低销量组合使用问题一指数平滑，非低销量组合使用综合Ridge
2022-04-07,178,C地五乡镇店,11002561,乡吧哥蜜汁鸡翅,包装散称,多云,0,0,0,9.799273618482664,hybrid_low_q1_regular_ridge,低销量指数平滑-常规Ridge混合,intermittent,0,天气、温度、风力、活动日为历史同月日参考；节假日按2022清明日历设定；低销量组合使用问题一指数平滑，非低销量组合使用综合Ridge
2022-04-07,178,C地五乡镇店,11002605,老板仔香脆海苔卷（原味）,包装海苔,多云,0,0,0,0.0,hybrid_low_q1_regular_ridge,低销量指数平滑-常规Ridge混合,very_sparse,1,天气、温度、风力、活动日为历史同月日参考；节假日按2022清明日历设定；低销量组合使用问题一指数平滑，非低销量组合使用综合Ridge
2022-04-07,178,C地五乡镇店,11004973,特仑苏纯牛奶,乳类饮品,多云,0,0,0,0.3008152635344523,hybrid_low_q1_regular_ridge,低销量指数平滑-常规Ridge混合,very_sparse,1,天气、温度、风力、活动日为历史同月日参考；节假日按2022清明日历设定；低销量组合使用问题一指数平滑，非低销量组合使用综合Ridge
2022-04-07,178,C地五乡镇店,11005780,大丰古法瓜子,包装坚果,多云,0,0,0,0.8730901937474458,hybrid_low_q1_regular_ridge,低销量指数平滑-常规Ridge混合,low_volume_intermittent,1,天气、温度、风力、活动日为历史同月日参考；节假日按2022清明日历设定；低销量组合使用问题一指数平滑，非低销量组合使用综合Ridge
2022-04-07,178,C地五乡镇店,11008516,李子柒螺蛳粉335g,速食类,多云,0,0,0,2.332746810884708,hybrid_low_q1_regular_ridge,低销量指数平滑-常规Ridge混合,intermittent,0,天气、温度、风力、活动日为历史同月日参考；节假日按2022清明日历设定；低销量组合使用问题一指数平滑，非低销量组合使用综合Ridge
2022-04-07,178,C地五乡镇店,12000134,百事可乐600ml,碳酸饮料,多云,0,0,0,3.03148063841614,hybrid_low_q1_regular_ridge,低销量指数平滑-常规Ridge混合,intermittent,0,天气、温度、风力、活动日为历史同月日参考；节假日按2022清明日历设定；低销量组合使用问题一指数平滑，非低销量组合使用综合Ridge
2022-04-07,178,C地五乡镇店,12000292,红牛,功能饮料,多云,0,0,0,17.495635997100177,hybrid_low_q1_regular_ridge,低销量指数平滑-常规Ridge混合,volatile,0,天气、温度、风力、活动日为历史同月日参考；节假日按2022清明日历设定；低销量组合使用问题一指数平滑，非低销量组合使用综合Ridge
2022-04-07,178,C地五乡镇店,12001131,旺仔牛奶,乳类饮品,多云,0,0,0,4.175153584707582,hybrid_low_q1_regular_ridge,低销量指数平滑-常规Ridge混合,intermittent,0,天气、温度、风力、活动日为历史同月日参考；节假日按2022清明日历设定；低销量组合使用问题一指数平滑，非低销量组合使用综合Ridge
2022-04-07,276,A地双桥路店,11000405,百事可乐330ml,碳酸饮料,多云,0,0,0,0.2689054531264976,hybrid_low_q1_regular_ridge,低销量指数平滑-常规Ridge混合,very_sparse,1,天气、温度、风力、活动日为历史同月日参考；节假日按2022清明日历设定；低销量组合使用问题一指数平滑，非低销量组合使用综合Ridge
2022-04-07,276,A地双桥路店,11001020,韩国海牌海苔 / 韩国海飘海苔,包装海苔,多云,0,0,0,0.07778432375348415,hybrid_low_q1_regular_ridge,低销量指数平滑-常规Ridge混合,very_sparse,1,天气、温度、风力、活动日为历史同月日参考；节假日按2022清明日历设定；低销量组合使用问题一指数平滑，非低销量组合使用综合Ridge
2022-04-07,276,A地双桥路店,11002170,三养辣火鸡味拌面,速食类,多云,0,0,0,0.13194093933423176,hybrid_low_q1_regular_ridge,低销量指数平滑-常规Ridge混合,very_sparse,1,天气、温度、风力、活动日为历史同月日参考；节假日按2022清明日历设定；低销量组合使用问题一指数平滑，非低销量组合使用综合Ridge
2022-04-07,276,A地双桥路店,11002561,乡吧哥蜜汁鸡翅,包装散称,多云,0,0,0,0.32597375512041915,hybrid_low_q1_regular_ridge,低销量指数平滑-常规Ridge混合,very_sparse,1,天气、温度、风力、活动日为历史同月日参考；节假日按2022清明日历设定；低销量组合使用问题一指数平滑，非低销量组合使用综合Ridge
2022-04-07,276,A地双桥路店,11002605,老板仔香脆海苔卷（原味）,包装海苔,多云,0,0,0,0.10321785142313557,hybrid_low_q1_regular_ridge,低销量指数平滑-常规Ridge混合,very_sparse,1,天气、温度、风力、活动日为历史同月日参考；节假日按2022清明日历设定；低销量组合使用问题一指数平滑，非低销量组合使用综合Ridge
2022-04-07,276,A地双桥路店,11005780,大丰古法瓜子,包装坚果,多云,0,0,0,0.0,hybrid_low_q1_regular_ridge,低销量指数平滑-常规Ridge混合,very_sparse,1,天气、温度、风力、活动日为历史同月日参考；节假日按2022清明日历设定；低销量组合使用问题一指数平滑，非低销量组合使用综合Ridge
2022-04-07,276,A地双桥路店,11008516,李子柒螺蛳粉335g,速食类,多云,0,0,0,0.0,hybrid_low_q1_regular_ridge,低销量指数平滑-常规Ridge混合,very_sparse,1,天气、温度、风力、活动日为历史同月日参考；节假日按2022清明日历设定；低销量组合使用问题一指数平滑，非低销量组合使用综合Ridge
2022-04-07,276,A地双桥路店,12000134,百事可乐600ml,碳酸饮料,多云,0,0,0,0.43283342937486996,hybrid_low_q1_regular_ridge,低销量指数平滑-常规Ridge混合,very_sparse,1,天气、温度、风力、活动日为历史同月日参考；节假日按2022清明日历设定；低销量组合使用问题一指数平滑，非低销量组合使用综合Ridge
2022-04-07,276,A地双桥路店,12000292,红牛,功能饮料,多云,0,0,0,1.007961605577367,hybrid_low_q1_regular_ridge,低销量指数平滑-常规Ridge混合,very_sparse,1,天气、温度、风力、活动日为历史同月日参考；节假日按2022清明日历设定；低销量组合使用问题一指数平滑，非低销量组合使用综合Ridge
2022-04-07,276,A地双桥路店,12001131,旺仔牛奶,乳类饮品,多云,0,0,0,0.062340724888115366,hybrid_low_q1_regular_ridge,低销量指数平滑-常规Ridge混合,very_sparse,1,天气、温度、风力、活动日为历史同月日参考；节假日按2022清明日历设定；低销量组合使用问题一指数平滑，非低销量组合使用综合Ridge
