date,store_id,store_name,product_id,product_name,category,weather,is_holiday,is_weekend,is_activity_day,predicted_sales,model,model_label,demand_class,is_low_volume,external_scenario_note
2022-04-01,14,C地彩虹南路店,11000405,百事可乐330ml,碳酸饮料,多云,0,0,0,2.223420855251925,hybrid_low_q1_regular_ridge,低销量指数平滑-常规Ridge混合,volatile,0,天气、温度、风力、活动日为历史同月日参考；节假日按2022清明日历设定；低销量组合使用问题一指数平滑，非低销量组合使用综合Ridge
2022-04-01,14,C地彩虹南路店,11001020,韩国海牌海苔 / 韩国海飘海苔,包装海苔,多云,0,0,0,0.1303355499323373,hybrid_low_q1_regular_ridge,低销量指数平滑-常规Ridge混合,intermittent,0,天气、温度、风力、活动日为历史同月日参考；节假日按2022清明日历设定；低销量组合使用问题一指数平滑，非低销量组合使用综合Ridge
2022-04-01,14,C地彩虹南路店,11002170,三养辣火鸡味拌面,速食类,多云,0,0,0,0.2656404976078264,hybrid_low_q1_regular_ridge,低销量指数平滑-常规Ridge混合,very_sparse,1,天气、温度、风力、活动日为历史同月日参考；节假日按2022清明日历设定；低销量组合使用问题一指数平滑，非低销量组合使用综合Ridge
2022-04-01,14,C地彩虹南路店,11002561,乡吧哥蜜汁鸡翅,包装散称,多云,0,0,0,3.7634219004631593,hybrid_low_q1_regular_ridge,低销量指数平滑-常规Ridge混合,volatile,0,天气、温度、风力、活动日为历史同月日参考；节假日按2022清明日历设定；低销量组合使用问题一指数平滑，非低销量组合使用综合Ridge
2022-04-01,14,C地彩虹南路店,11002605,老板仔香脆海苔卷（原味）,包装海苔,多云,0,0,0,0.00011138275022715137,hybrid_low_q1_regular_ridge,低销量指数平滑-常规Ridge混合,low_volume_intermittent,1,天气、温度、风力、活动日为历史同月日参考；节假日按2022清明日历设定；低销量组合使用问题一指数平滑，非低销量组合使用综合Ridge
2022-04-01,14,C地彩虹南路店,11004973,特仑苏纯牛奶,乳类饮品,多云,0,0,0,0.1119644348944242,hybrid_low_q1_regular_ridge,低销量指数平滑-常规Ridge混合,intermittent,0,天气、温度、风力、活动日为历史同月日参考；节假日按2022清明日历设定；低销量组合使用问题一指数平滑，非低销量组合使用综合Ridge
2022-04-01,14,C地彩虹南路店,11005780,大丰古法瓜子,包装坚果,多云,0,0,0,0.1496669085004158,hybrid_low_q1_regular_ridge,低销量指数平滑-常规Ridge混合,regular,0,天气、温度、风力、活动日为历史同月日参考；节假日按2022清明日历设定；低销量组合使用问题一指数平滑，非低销量组合使用综合Ridge
2022-04-01,14,C地彩虹南路店,11008516,李子柒螺蛳粉335g,速食类,多云,0,0,0,1.7812264202845633,hybrid_low_q1_regular_ridge,低销量指数平滑-常规Ridge混合,low_volume_intermittent,1,天气、温度、风力、活动日为历史同月日参考；节假日按2022清明日历设定；低销量组合使用问题一指数平滑，非低销量组合使用综合Ridge
2022-04-01,14,C地彩虹南路店,11008644,洽洽早餐每日坚果（燕麦片）,包装冲饮,多云,0,0,0,0.0,hybrid_low_q1_regular_ridge,低销量指数平滑-常规Ridge混合,very_sparse,1,天气、温度、风力、活动日为历史同月日参考；节假日按2022清明日历设定；低销量组合使用问题一指数平滑，非低销量组合使用综合Ridge
2022-04-01,14,C地彩虹南路店,12000134,百事可乐600ml,碳酸饮料,多云,0,0,0,0.7679766703486334,hybrid_low_q1_regular_ridge,低销量指数平滑-常规Ridge混合,regular,0,天气、温度、风力、活动日为历史同月日参考；节假日按2022清明日历设定；低销量组合使用问题一指数平滑，非低销量组合使用综合Ridge
2022-04-01,14,C地彩虹南路店,12000292,红牛,功能饮料,多云,0,0,0,5.592575276951244,hybrid_low_q1_regular_ridge,低销量指数平滑-常规Ridge混合,regular,0,天气、温度、风力、活动日为历史同月日参考；节假日按2022清明日历设定；低销量组合使用问题一指数平滑，非低销量组合使用综合Ridge
2022-04-01,14,C地彩虹南路店,12001131,旺仔牛奶,乳类饮品,多云,0,0,0,1.5060449401978118,hybrid_low_q1_regular_ridge,低销量指数平滑-常规Ridge混合,intermittent,0,天气、温度、风力、活动日为历史同月日参考；节假日按2022清明日历设定；低销量组合使用问题一指数平滑，非低销量组合使用综合Ridge
2022-04-01,18,A地天九街店,11000405,百事可乐330ml,碳酸饮料,多云,0,0,0,3.2165271488373826,hybrid_low_q1_regular_ridge,低销量指数平滑-常规Ridge混合,intermittent,0,天气、温度、风力、活动日为历史同月日参考；节假日按2022清明日历设定；低销量组合使用问题一指数平滑，非低销量组合使用综合Ridge
2022-04-01,18,A地天九街店,11001020,韩国海牌海苔 / 韩国海飘海苔,包装海苔,多云,0,0,0,1.4564842817870025,hybrid_low_q1_regular_ridge,低销量指数平滑-常规Ridge混合,intermittent,0,天气、温度、风力、活动日为历史同月日参考；节假日按2022清明日历设定；低销量组合使用问题一指数平滑，非低销量组合使用综合Ridge
2022-04-01,18,A地天九街店,11002170,三养辣火鸡味拌面,速食类,多云,0,0,0,0.6837584841239029,hybrid_low_q1_regular_ridge,低销量指数平滑-常规Ridge混合,low_volume_intermittent,1,天气、温度、风力、活动日为历史同月日参考；节假日按2022清明日历设定；低销量组合使用问题一指数平滑，非低销量组合使用综合Ridge
2022-04-01,18,A地天九街店,11002561,乡吧哥蜜汁鸡翅,包装散称,多云,0,0,0,4.832496644954935,hybrid_low_q1_regular_ridge,低销量指数平滑-常规Ridge混合,intermittent,0,天气、温度、风力、活动日为历史同月日参考；节假日按2022清明日历设定；低销量组合使用问题一指数平滑，非低销量组合使用综合Ridge
2022-04-01,18,A地天九街店,11002605,老板仔香脆海苔卷（原味）,包装海苔,多云,0,0,0,0.6106191011840001,hybrid_low_q1_regular_ridge,低销量指数平滑-常规Ridge混合,very_sparse,1,天气、温度、风力、活动日为历史同月日参考；节假日按2022清明日历设定；低销量组合使用问题一指数平滑，非低销量组合使用综合Ridge
2022-04-01,18,A地天九街店,11005780,大丰古法瓜子,包装坚果,多云,0,0,0,1.291338379717062,hybrid_low_q1_regular_ridge,低销量指数平滑-常规Ridge混合,intermittent,0,天气、温度、风力、活动日为历史同月日参考；节假日按2022清明日历设定；低销量组合使用问题一指数平滑，非低销量组合使用综合Ridge
2022-04-01,18,A地天九街店,11008516,李子柒螺蛳粉335g,速食类,多云,0,0,0,2.3278771174275168e-05,hybrid_low_q1_regular_ridge,低销量指数平滑-常规Ridge混合,very_sparse,1,天气、温度、风力、活动日为历史同月日参考；节假日按2022清明日历设定；低销量组合使用问题一指数平滑，非低销量组合使用综合Ridge
2022-04-01,18,A地天九街店,12000134,百事可乐600ml,碳酸饮料,多云,0,0,0,2.892478473676266,hybrid_low_q1_regular_ridge,低销量指数平滑-常规Ridge混合,intermittent,0,天气、温度、风力、活动日为历史同月日参考；节假日按2022清明日历设定；低销量组合使用问题一指数平滑，非低销量组合使用综合Ridge
2022-04-01,18,A地天九街店,12000292,红牛,功能饮料,多云,0,0,0,12.206344854070496,hybrid_low_q1_regular_ridge,低销量指数平滑-常规Ridge混合,intermittent,0,天气、温度、风力、活动日为历史同月日参考；节假日按2022清明日历设定；低销量组合使用问题一指数平滑，非低销量组合使用综合Ridge
2022-04-01,18,A地天九街店,12001131,旺仔牛奶,乳类饮品,多云,0,0,0,2.083706200162328,hybrid_low_q1_regular_ridge,低销量指数平滑-常规Ridge混合,intermittent,0,天气、温度、风力、活动日为历史同月日参考；节假日按2022清明日历设定；低销量组合使用问题一指数平滑，非低销量组合使用综合Ridge
2022-04-01,23,C地姜山店,11000405,百事可乐330ml,碳酸饮料,多云,0,0,0,1.194696066017555,hybrid_low_q1_regular_ridge,低销量指数平滑-常规Ridge混合,intermittent,0,天气、温度、风力、活动日为历史同月日参考；节假日按2022清明日历设定；低销量组合使用问题一指数平滑，非低销量组合使用综合Ridge
2022-04-01,23,C地姜山店,11001020,韩国海牌海苔 / 韩国海飘海苔,包装海苔,多云,0,0,0,0.4251303216746138,hybrid_low_q1_regular_ridge,低销量指数平滑-常规Ridge混合,regular,0,天气、温度、风力、活动日为历史同月日参考；节假日按2022清明日历设定；低销量组合使用问题一指数平滑，非低销量组合使用综合Ridge
2022-04-01,23,C地姜山店,11002170,三养辣火鸡味拌面,速食类,多云,0,0,0,1.305728395949643,hybrid_low_q1_regular_ridge,低销量指数平滑-常规Ridge混合,low_volume_intermittent,1,天气、温度、风力、活动日为历史同月日参考；节假日按2022清明日历设定；低销量组合使用问题一指数平滑，非低销量组合使用综合Ridge
2022-04-01,23,C地姜山店,11002561,乡吧哥蜜汁鸡翅,包装散称,多云,0,0,0,15.467096076871238,hybrid_low_q1_regular_ridge,低销量指数平滑-常规Ridge混合,volatile,0,天气、温度、风力、活动日为历史同月日参考；节假日按2022清明日历设定；低销量组合使用问题一指数平滑，非低销量组合使用综合Ridge
2022-04-01,23,C地姜山店,11002605,老板仔香脆海苔卷（原味）,包装海苔,多云,0,0,0,0.1638444342011333,hybrid_low_q1_regular_ridge,低销量指数平滑-常规Ridge混合,intermittent,0,天气、温度、风力、活动日为历史同月日参考；节假日按2022清明日历设定；低销量组合使用问题一指数平滑，非低销量组合使用综合Ridge
2022-04-01,23,C地姜山店,11004973,特仑苏纯牛奶,乳类饮品,多云,0,0,0,0.0005453125873052109,hybrid_low_q1_regular_ridge,低销量指数平滑-常规Ridge混合,very_sparse,1,天气、温度、风力、活动日为历史同月日参考；节假日按2022清明日历设定；低销量组合使用问题一指数平滑，非低销量组合使用综合Ridge
2022-04-01,23,C地姜山店,11005780,大丰古法瓜子,包装坚果,多云,0,0,0,0.5641571760256847,hybrid_low_q1_regular_ridge,低销量指数平滑-常规Ridge混合,regular,0,天气、温度、风力、活动日为历史同月日参考；节假日按2022清明日历设定；低销量组合使用问题一指数平滑，非低销量组合使用综合Ridge
2022-04-01,23,C地姜山店,11008516,李子柒螺蛳粉335g,速食类,多云,0,0,0,1.00908928240889,hybrid_low_q1_regular_ridge,低销量指数平滑-常规Ridge混合,intermittent,0,天气、温度、风力、活动日为历史同月日参考；节假日按2022清明日历设定；低销量组合使用问题一指数平滑，非低销量组合使用综合Ridge
2022-04-01,23,C地姜山店,12000134,百事可乐600ml,碳酸饮料,多云,0,0,0,1.2710579394502777,hybrid_low_q1_regular_ridge,低销量指数平滑-常规Ridge混合,regular,0,天气、温度、风力、活动日为历史同月日参考；节假日按2022清明日历设定；低销量组合使用问题一指数平滑，非低销量组合使用综合Ridge
2022-04-01,23,C地姜山店,12000292,红牛,功能饮料,多云,0,0,0,3.290079784777328,hybrid_low_q1_regular_ridge,低销量指数平滑-常规Ridge混合,regular,0,天气、温度、风力、活动日为历史同月日参考；节假日按2022清明日历设定；低销量组合使用问题一指数平滑，非低销量组合使用综合Ridge
2022-04-01,23,C地姜山店,12001131,旺仔牛奶,乳类饮品,多云,0,0,0,0.577765713112423,hybrid_low_q1_regular_ridge,低销量指数平滑-常规Ridge混合,intermittent,0,天气、温度、风力、活动日为历史同月日参考；节假日按2022清明日历设定；低销量组合使用问题一指数平滑，非低销量组合使用综合Ridge
2022-04-01,47,C地桑田路店,11000405,百事可乐330ml,碳酸饮料,多云,0,0,0,1.0203646899895005,hybrid_low_q1_regular_ridge,低销量指数平滑-常规Ridge混合,volatile,0,天气、温度、风力、活动日为历史同月日参考；节假日按2022清明日历设定；低销量组合使用问题一指数平滑，非低销量组合使用综合Ridge
2022-04-01,47,C地桑田路店,11001020,韩国海牌海苔 / 韩国海飘海苔,包装海苔,多云,0,0,0,1.5593298435592262,hybrid_low_q1_regular_ridge,低销量指数平滑-常规Ridge混合,volatile,0,天气、温度、风力、活动日为历史同月日参考；节假日按2022清明日历设定；低销量组合使用问题一指数平滑，非低销量组合使用综合Ridge
2022-04-01,47,C地桑田路店,11002170,三养辣火鸡味拌面,速食类,多云,0,0,0,0.5434370582394912,hybrid_low_q1_regular_ridge,低销量指数平滑-常规Ridge混合,low_volume_intermittent,1,天气、温度、风力、活动日为历史同月日参考；节假日按2022清明日历设定；低销量组合使用问题一指数平滑，非低销量组合使用综合Ridge
2022-04-01,47,C地桑田路店,11002561,乡吧哥蜜汁鸡翅,包装散称,多云,0,0,0,5.99406765817901,hybrid_low_q1_regular_ridge,低销量指数平滑-常规Ridge混合,regular,0,天气、温度、风力、活动日为历史同月日参考；节假日按2022清明日历设定；低销量组合使用问题一指数平滑，非低销量组合使用综合Ridge
2022-04-01,47,C地桑田路店,11002605,老板仔香脆海苔卷（原味）,包装海苔,多云,0,0,0,0.7150653351780764,hybrid_low_q1_regular_ridge,低销量指数平滑-常规Ridge混合,intermittent,0,天气、温度、风力、活动日为历史同月日参考；节假日按2022清明日历设定；低销量组合使用问题一指数平滑，非低销量组合使用综合Ridge
2022-04-01,47,C地桑田路店,11005780,大丰古法瓜子,包装坚果,多云,0,0,0,0.8986140244355356,hybrid_low_q1_regular_ridge,低销量指数平滑-常规Ridge混合,intermittent,0,天气、温度、风力、活动日为历史同月日参考；节假日按2022清明日历设定；低销量组合使用问题一指数平滑，非低销量组合使用综合Ridge
2022-04-01,47,C地桑田路店,11008516,李子柒螺蛳粉335g,速食类,多云,0,0,0,0.7740705311591362,hybrid_low_q1_regular_ridge,低销量指数平滑-常规Ridge混合,low_volume_intermittent,1,天气、温度、风力、活动日为历史同月日参考；节假日按2022清明日历设定；低销量组合使用问题一指数平滑，非低销量组合使用综合Ridge
2022-04-01,47,C地桑田路店,11008644,洽洽早餐每日坚果（燕麦片）,包装冲饮,多云,0,0,0,0.0,hybrid_low_q1_regular_ridge,低销量指数平滑-常规Ridge混合,very_sparse,1,天气、温度、风力、活动日为历史同月日参考；节假日按2022清明日历设定；低销量组合使用问题一指数平滑，非低销量组合使用综合Ridge
2022-04-01,47,C地桑田路店,12000134,百事可乐600ml,碳酸饮料,多云,0,0,0,1.8516383341387863,hybrid_low_q1_regular_ridge,低销量指数平滑-常规Ridge混合,regular,0,天气、温度、风力、活动日为历史同月日参考；节假日按2022清明日历设定；低销量组合使用问题一指数平滑，非低销量组合使用综合Ridge
2022-04-01,47,C地桑田路店,12000292,红牛,功能饮料,多云,0,0,0,2.524372448815865,hybrid_low_q1_regular_ridge,低销量指数平滑-常规Ridge混合,volatile,0,天气、温度、风力、活动日为历史同月日参考；节假日按2022清明日历设定；低销量组合使用问题一指数平滑，非低销量组合使用综合Ridge
2022-04-01,47,C地桑田路店,12001131,旺仔牛奶,乳类饮品,多云,0,0,0,1.1138481038640582,hybrid_low_q1_regular_ridge,低销量指数平滑-常规Ridge混合,intermittent,0,天气、温度、风力、活动日为历史同月日参考；节假日按2022清明日历设定；低销量组合使用问题一指数平滑，非低销量组合使用综合Ridge
2022-04-01,69,B地江山店店,11000405,百事可乐330ml,碳酸饮料,多云,0,0,0,2.7769279814417525,hybrid_low_q1_regular_ridge,低销量指数平滑-常规Ridge混合,regular,0,天气、温度、风力、活动日为历史同月日参考；节假日按2022清明日历设定；低销量组合使用问题一指数平滑，非低销量组合使用综合Ridge
2022-04-01,69,B地江山店店,11001020,韩国海牌海苔 / 韩国海飘海苔,包装海苔,多云,0,0,0,1.0079344108395722,hybrid_low_q1_regular_ridge,低销量指数平滑-常规Ridge混合,intermittent,0,天气、温度、风力、活动日为历史同月日参考；节假日按2022清明日历设定；低销量组合使用问题一指数平滑，非低销量组合使用综合Ridge
2022-04-01,69,B地江山店店,11002170,三养辣火鸡味拌面,速食类,多云,0,0,0,0.5239870553017352,hybrid_low_q1_regular_ridge,低销量指数平滑-常规Ridge混合,low_volume_intermittent,1,天气、温度、风力、活动日为历史同月日参考；节假日按2022清明日历设定；低销量组合使用问题一指数平滑，非低销量组合使用综合Ridge
2022-04-01,69,B地江山店店,11002561,乡吧哥蜜汁鸡翅,包装散称,多云,0,0,0,20.918606936912894,hybrid_low_q1_regular_ridge,低销量指数平滑-常规Ridge混合,volatile,0,天气、温度、风力、活动日为历史同月日参考；节假日按2022清明日历设定；低销量组合使用问题一指数平滑，非低销量组合使用综合Ridge
2022-04-01,69,B地江山店店,11002605,老板仔香脆海苔卷（原味）,包装海苔,多云,0,0,0,0.4623746980863186,hybrid_low_q1_regular_ridge,低销量指数平滑-常规Ridge混合,intermittent,0,天气、温度、风力、活动日为历史同月日参考；节假日按2022清明日历设定；低销量组合使用问题一指数平滑，非低销量组合使用综合Ridge
2022-04-01,69,B地江山店店,11005780,大丰古法瓜子,包装坚果,多云,0,0,0,1.7630938862981151,hybrid_low_q1_regular_ridge,低销量指数平滑-常规Ridge混合,regular,0,天气、温度、风力、活动日为历史同月日参考；节假日按2022清明日历设定；低销量组合使用问题一指数平滑，非低销量组合使用综合Ridge
2022-04-01,69,B地江山店店,11008516,李子柒螺蛳粉335g,速食类,多云,0,0,0,1.4897730311041797,hybrid_low_q1_regular_ridge,低销量指数平滑-常规Ridge混合,intermittent,0,天气、温度、风力、活动日为历史同月日参考；节假日按2022清明日历设定；低销量组合使用问题一指数平滑，非低销量组合使用综合Ridge
2022-04-01,69,B地江山店店,11008644,洽洽早餐每日坚果（燕麦片）,包装冲饮,多云,0,0,0,0.0,hybrid_low_q1_regular_ridge,低销量指数平滑-常规Ridge混合,very_sparse,1,天气、温度、风力、活动日为历史同月日参考；节假日按2022清明日历设定；低销量组合使用问题一指数平滑，非低销量组合使用综合Ridge
2022-04-01,69,B地江山店店,12000134,百事可乐600ml,碳酸饮料,多云,0,0,0,4.912991913399015,hybrid_low_q1_regular_ridge,低销量指数平滑-常规Ridge混合,regular,0,天气、温度、风力、活动日为历史同月日参考；节假日按2022清明日历设定；低销量组合使用问题一指数平滑，非低销量组合使用综合Ridge
2022-04-01,69,B地江山店店,12000292,红牛,功能饮料,多云,0,0,0,5.917609211223248,hybrid_low_q1_regular_ridge,低销量指数平滑-常规Ridge混合,volatile,0,天气、温度、风力、活动日为历史同月日参考；节假日按2022清明日历设定；低销量组合使用问题一指数平滑，非低销量组合使用综合Ridge
2022-04-01,69,B地江山店店,12001131,旺仔牛奶,乳类饮品,多云,0,0,0,1.2693700668338468,hybrid_low_q1_regular_ridge,低销量指数平滑-常规Ridge混合,volatile,0,天气、温度、风力、活动日为历史同月日参考；节假日按2022清明日历设定；低销量组合使用问题一指数平滑，非低销量组合使用综合Ridge
2022-04-01,178,C地五乡镇店,11000405,百事可乐330ml,碳酸饮料,多云,0,0,0,4.640000015470197,hybrid_low_q1_regular_ridge,低销量指数平滑-常规Ridge混合,low_volume_intermittent,1,天气、温度、风力、活动日为历史同月日参考；节假日按2022清明日历设定；低销量组合使用问题一指数平滑，非低销量组合使用综合Ridge
2022-04-01,178,C地五乡镇店,11001020,韩国海牌海苔 / 韩国海飘海苔,包装海苔,多云,0,0,0,0.7295984385284677,hybrid_low_q1_regular_ridge,低销量指数平滑-常规Ridge混合,intermittent,0,天气、温度、风力、活动日为历史同月日参考；节假日按2022清明日历设定；低销量组合使用问题一指数平滑，非低销量组合使用综合Ridge
2022-04-01,178,C地五乡镇店,11002170,三养辣火鸡味拌面,速食类,多云,0,0,0,0.8243120395046268,hybrid_low_q1_regular_ridge,低销量指数平滑-常规Ridge混合,intermittent,0,天气、温度、风力、活动日为历史同月日参考；节假日按2022清明日历设定；低销量组合使用问题一指数平滑，非低销量组合使用综合Ridge
2022-04-01,178,C地五乡镇店,11002561,乡吧哥蜜汁鸡翅,包装散称,多云,0,0,0,8.137966077279527,hybrid_low_q1_regular_ridge,低销量指数平滑-常规Ridge混合,intermittent,0,天气、温度、风力、活动日为历史同月日参考；节假日按2022清明日历设定；低销量组合使用问题一指数平滑，非低销量组合使用综合Ridge
2022-04-01,178,C地五乡镇店,11002605,老板仔香脆海苔卷（原味）,包装海苔,多云,0,0,0,0.0,hybrid_low_q1_regular_ridge,低销量指数平滑-常规Ridge混合,very_sparse,1,天气、温度、风力、活动日为历史同月日参考；节假日按2022清明日历设定；低销量组合使用问题一指数平滑，非低销量组合使用综合Ridge
2022-04-01,178,C地五乡镇店,11004973,特仑苏纯牛奶,乳类饮品,多云,0,0,0,0.3008152635344523,hybrid_low_q1_regular_ridge,低销量指数平滑-常规Ridge混合,very_sparse,1,天气、温度、风力、活动日为历史同月日参考；节假日按2022清明日历设定；低销量组合使用问题一指数平滑，非低销量组合使用综合Ridge
2022-04-01,178,C地五乡镇店,11005780,大丰古法瓜子,包装坚果,多云,0,0,0,0.8730901937474458,hybrid_low_q1_regular_ridge,低销量指数平滑-常规Ridge混合,low_volume_intermittent,1,天气、温度、风力、活动日为历史同月日参考；节假日按2022清明日历设定；低销量组合使用问题一指数平滑，非低销量组合使用综合Ridge
2022-04-01,178,C地五乡镇店,11008516,李子柒螺蛳粉335g,速食类,多云,0,0,0,2.178131474525264,hybrid_low_q1_regular_ridge,低销量指数平滑-常规Ridge混合,intermittent,0,天气、温度、风力、活动日为历史同月日参考；节假日按2022清明日历设定；低销量组合使用问题一指数平滑，非低销量组合使用综合Ridge
2022-04-01,178,C地五乡镇店,12000134,百事可乐600ml,碳酸饮料,多云,0,0,0,2.605224741901851,hybrid_low_q1_regular_ridge,低销量指数平滑-常规Ridge混合,intermittent,0,天气、温度、风力、活动日为历史同月日参考；节假日按2022清明日历设定；低销量组合使用问题一指数平滑，非低销量组合使用综合Ridge
2022-04-01,178,C地五乡镇店,12000292,红牛,功能饮料,多云,0,0,0,16.813548752015507,hybrid_low_q1_regular_ridge,低销量指数平滑-常规Ridge混合,volatile,0,天气、温度、风力、活动日为历史同月日参考；节假日按2022清明日历设定；低销量组合使用问题一指数平滑，非低销量组合使用综合Ridge
2022-04-01,178,C地五乡镇店,12001131,旺仔牛奶,乳类饮品,多云,0,0,0,3.539545736294089,hybrid_low_q1_regular_ridge,低销量指数平滑-常规Ridge混合,intermittent,0,天气、温度、风力、活动日为历史同月日参考；节假日按2022清明日历设定；低销量组合使用问题一指数平滑，非低销量组合使用综合Ridge
2022-04-01,276,A地双桥路店,11000405,百事可乐330ml,碳酸饮料,多云,0,0,0,0.2689054531264976,hybrid_low_q1_regular_ridge,低销量指数平滑-常规Ridge混合,very_sparse,1,天气、温度、风力、活动日为历史同月日参考；节假日按2022清明日历设定；低销量组合使用问题一指数平滑，非低销量组合使用综合Ridge
2022-04-01,276,A地双桥路店,11001020,韩国海牌海苔 / 韩国海飘海苔,包装海苔,多云,0,0,0,0.07778432375348415,hybrid_low_q1_regular_ridge,低销量指数平滑-常规Ridge混合,very_sparse,1,天气、温度、风力、活动日为历史同月日参考；节假日按2022清明日历设定；低销量组合使用问题一指数平滑，非低销量组合使用综合Ridge
2022-04-01,276,A地双桥路店,11002170,三养辣火鸡味拌面,速食类,多云,0,0,0,0.13194093933423176,hybrid_low_q1_regular_ridge,低销量指数平滑-常规Ridge混合,very_sparse,1,天气、温度、风力、活动日为历史同月日参考；节假日按2022清明日历设定；低销量组合使用问题一指数平滑，非低销量组合使用综合Ridge
2022-04-01,276,A地双桥路店,11002561,乡吧哥蜜汁鸡翅,包装散称,多云,0,0,0,0.32597375512041915,hybrid_low_q1_regular_ridge,低销量指数平滑-常规Ridge混合,very_sparse,1,天气、温度、风力、活动日为历史同月日参考；节假日按2022清明日历设定；低销量组合使用问题一指数平滑，非低销量组合使用综合Ridge
2022-04-01,276,A地双桥路店,11002605,老板仔香脆海苔卷（原味）,包装海苔,多云,0,0,0,0.10321785142313555,hybrid_low_q1_regular_ridge,低销量指数平滑-常规Ridge混合,very_sparse,1,天气、温度、风力、活动日为历史同月日参考；节假日按2022清明日历设定；低销量组合使用问题一指数平滑，非低销量组合使用综合Ridge
2022-04-01,276,A地双桥路店,11005780,大丰古法瓜子,包装坚果,多云,0,0,0,0.0,hybrid_low_q1_regular_ridge,低销量指数平滑-常规Ridge混合,very_sparse,1,天气、温度、风力、活动日为历史同月日参考；节假日按2022清明日历设定；低销量组合使用问题一指数平滑，非低销量组合使用综合Ridge
2022-04-01,276,A地双桥路店,11008516,李子柒螺蛳粉335g,速食类,多云,0,0,0,0.0,hybrid_low_q1_regular_ridge,低销量指数平滑-常规Ridge混合,very_sparse,1,天气、温度、风力、活动日为历史同月日参考；节假日按2022清明日历设定；低销量组合使用问题一指数平滑，非低销量组合使用综合Ridge
2022-04-01,276,A地双桥路店,12000134,百事可乐600ml,碳酸饮料,多云,0,0,0,0.43283342937486996,hybrid_low_q1_regular_ridge,低销量指数平滑-常规Ridge混合,very_sparse,1,天气、温度、风力、活动日为历史同月日参考；节假日按2022清明日历设定；低销量组合使用问题一指数平滑，非低销量组合使用综合Ridge
2022-04-01,276,A地双桥路店,12000292,红牛,功能饮料,多云,0,0,0,1.007961605577367,hybrid_low_q1_regular_ridge,低销量指数平滑-常规Ridge混合,very_sparse,1,天气、温度、风力、活动日为历史同月日参考；节假日按2022清明日历设定；低销量组合使用问题一指数平滑，非低销量组合使用综合Ridge
2022-04-01,276,A地双桥路店,12001131,旺仔牛奶,乳类饮品,多云,0,0,0,0.06234072488811535,hybrid_low_q1_regular_ridge,低销量指数平滑-常规Ridge混合,very_sparse,1,天气、温度、风力、活动日为历史同月日参考；节假日按2022清明日历设定；低销量组合使用问题一指数平滑，非低销量组合使用综合Ridge
2022-04-02,14,C地彩虹南路店,11000405,百事可乐330ml,碳酸饮料,多云,0,1,0,2.644419397882304,hybrid_low_q1_regular_ridge,低销量指数平滑-常规Ridge混合,volatile,0,天气、温度、风力、活动日为历史同月日参考；节假日按2022清明日历设定；低销量组合使用问题一指数平滑，非低销量组合使用综合Ridge
2022-04-02,14,C地彩虹南路店,11001020,韩国海牌海苔 / 韩国海飘海苔,包装海苔,多云,0,1,0,0.4990013061540523,hybrid_low_q1_regular_ridge,低销量指数平滑-常规Ridge混合,intermittent,0,天气、温度、风力、活动日为历史同月日参考；节假日按2022清明日历设定；低销量组合使用问题一指数平滑，非低销量组合使用综合Ridge
2022-04-02,14,C地彩虹南路店,11002170,三养辣火鸡味拌面,速食类,多云,0,1,0,0.2656404976078264,hybrid_low_q1_regular_ridge,低销量指数平滑-常规Ridge混合,very_sparse,1,天气、温度、风力、活动日为历史同月日参考；节假日按2022清明日历设定；低销量组合使用问题一指数平滑，非低销量组合使用综合Ridge
2022-04-02,14,C地彩虹南路店,11002561,乡吧哥蜜汁鸡翅,包装散称,多云,0,1,0,4.444024424567174,hybrid_low_q1_regular_ridge,低销量指数平滑-常规Ridge混合,volatile,0,天气、温度、风力、活动日为历史同月日参考；节假日按2022清明日历设定；低销量组合使用问题一指数平滑，非低销量组合使用综合Ridge
2022-04-02,14,C地彩虹南路店,11002605,老板仔香脆海苔卷（原味）,包装海苔,多云,0,1,0,0.00011138275022715138,hybrid_low_q1_regular_ridge,低销量指数平滑-常规Ridge混合,low_volume_intermittent,1,天气、温度、风力、活动日为历史同月日参考；节假日按2022清明日历设定；低销量组合使用问题一指数平滑，非低销量组合使用综合Ridge
2022-04-02,14,C地彩虹南路店,11004973,特仑苏纯牛奶,乳类饮品,多云,0,1,0,0.4983630877738838,hybrid_low_q1_regular_ridge,低销量指数平滑-常规Ridge混合,intermittent,0,天气、温度、风力、活动日为历史同月日参考；节假日按2022清明日历设定；低销量组合使用问题一指数平滑，非低销量组合使用综合Ridge
2022-04-02,14,C地彩虹南路店,11005780,大丰古法瓜子,包装坚果,多云,0,1,0,0.5243533827143991,hybrid_low_q1_regular_ridge,低销量指数平滑-常规Ridge混合,regular,0,天气、温度、风力、活动日为历史同月日参考；节假日按2022清明日历设定；低销量组合使用问题一指数平滑，非低销量组合使用综合Ridge
2022-04-02,14,C地彩虹南路店,11008516,李子柒螺蛳粉335g,速食类,多云,0,1,0,1.7812264202845633,hybrid_low_q1_regular_ridge,低销量指数平滑-常规Ridge混合,low_volume_intermittent,1,天气、温度、风力、活动日为历史同月日参考；节假日按2022清明日历设定；低销量组合使用问题一指数平滑，非低销量组合使用综合Ridge
2022-04-02,14,C地彩虹南路店,11008644,洽洽早餐每日坚果（燕麦片）,包装冲饮,多云,0,1,0,0.0,hybrid_low_q1_regular_ridge,低销量指数平滑-常规Ridge混合,very_sparse,1,天气、温度、风力、活动日为历史同月日参考；节假日按2022清明日历设定；低销量组合使用问题一指数平滑，非低销量组合使用综合Ridge
2022-04-02,14,C地彩虹南路店,12000134,百事可乐600ml,碳酸饮料,多云,0,1,0,1.2345602994358886,hybrid_low_q1_regular_ridge,低销量指数平滑-常规Ridge混合,regular,0,天气、温度、风力、活动日为历史同月日参考；节假日按2022清明日历设定；低销量组合使用问题一指数平滑，非低销量组合使用综合Ridge
2022-04-02,14,C地彩虹南路店,12000292,红牛,功能饮料,多云,0,1,0,6.0560212128611,hybrid_low_q1_regular_ridge,低销量指数平滑-常规Ridge混合,regular,0,天气、温度、风力、活动日为历史同月日参考；节假日按2022清明日历设定；低销量组合使用问题一指数平滑，非低销量组合使用综合Ridge
2022-04-02,14,C地彩虹南路店,12001131,旺仔牛奶,乳类饮品,多云,0,1,0,2.0930454887028005,hybrid_low_q1_regular_ridge,低销量指数平滑-常规Ridge混合,intermittent,0,天气、温度、风力、活动日为历史同月日参考；节假日按2022清明日历设定；低销量组合使用问题一指数平滑，非低销量组合使用综合Ridge
2022-04-02,18,A地天九街店,11000405,百事可乐330ml,碳酸饮料,多云,0,1,0,3.882095664032698,hybrid_low_q1_regular_ridge,低销量指数平滑-常规Ridge混合,intermittent,0,天气、温度、风力、活动日为历史同月日参考；节假日按2022清明日历设定；低销量组合使用问题一指数平滑，非低销量组合使用综合Ridge
2022-04-02,18,A地天九街店,11001020,韩国海牌海苔 / 韩国海飘海苔,包装海苔,多云,0,1,0,1.718251981940846,hybrid_low_q1_regular_ridge,低销量指数平滑-常规Ridge混合,intermittent,0,天气、温度、风力、活动日为历史同月日参考；节假日按2022清明日历设定；低销量组合使用问题一指数平滑，非低销量组合使用综合Ridge
2022-04-02,18,A地天九街店,11002170,三养辣火鸡味拌面,速食类,多云,0,1,0,0.6837584841239029,hybrid_low_q1_regular_ridge,低销量指数平滑-常规Ridge混合,low_volume_intermittent,1,天气、温度、风力、活动日为历史同月日参考；节假日按2022清明日历设定；低销量组合使用问题一指数平滑，非低销量组合使用综合Ridge
2022-04-02,18,A地天九街店,11002561,乡吧哥蜜汁鸡翅,包装散称,多云,0,1,0,5.151178265575921,hybrid_low_q1_regular_ridge,低销量指数平滑-常规Ridge混合,intermittent,0,天气、温度、风力、活动日为历史同月日参考；节假日按2022清明日历设定；低销量组合使用问题一指数平滑，非低销量组合使用综合Ridge
2022-04-02,18,A地天九街店,11002605,老板仔香脆海苔卷（原味）,包装海苔,多云,0,1,0,0.6106191011840001,hybrid_low_q1_regular_ridge,低销量指数平滑-常规Ridge混合,very_sparse,1,天气、温度、风力、活动日为历史同月日参考；节假日按2022清明日历设定；低销量组合使用问题一指数平滑，非低销量组合使用综合Ridge
2022-04-02,18,A地天九街店,11005780,大丰古法瓜子,包装坚果,多云,0,1,0,1.8214259343233408,hybrid_low_q1_regular_ridge,低销量指数平滑-常规Ridge混合,intermittent,0,天气、温度、风力、活动日为历史同月日参考；节假日按2022清明日历设定；低销量组合使用问题一指数平滑，非低销量组合使用综合Ridge
2022-04-02,18,A地天九街店,11008516,李子柒螺蛳粉335g,速食类,多云,0,1,0,2.3278771174275164e-05,hybrid_low_q1_regular_ridge,低销量指数平滑-常规Ridge混合,very_sparse,1,天气、温度、风力、活动日为历史同月日参考；节假日按2022清明日历设定；低销量组合使用问题一指数平滑，非低销量组合使用综合Ridge
2022-04-02,18,A地天九街店,12000134,百事可乐600ml,碳酸饮料,多云,0,1,0,3.2905417398343504,hybrid_low_q1_regular_ridge,低销量指数平滑-常规Ridge混合,intermittent,0,天气、温度、风力、活动日为历史同月日参考；节假日按2022清明日历设定；低销量组合使用问题一指数平滑，非低销量组合使用综合Ridge
2022-04-02,18,A地天九街店,12000292,红牛,功能饮料,多云,0,1,0,14.718637278741737,hybrid_low_q1_regular_ridge,低销量指数平滑-常规Ridge混合,intermittent,0,天气、温度、风力、活动日为历史同月日参考；节假日按2022清明日历设定；低销量组合使用问题一指数平滑，非低销量组合使用综合Ridge
2022-04-02,18,A地天九街店,12001131,旺仔牛奶,乳类饮品,多云,0,1,0,2.5111456954130453,hybrid_low_q1_regular_ridge,低销量指数平滑-常规Ridge混合,intermittent,0,天气、温度、风力、活动日为历史同月日参考；节假日按2022清明日历设定；低销量组合使用问题一指数平滑，非低销量组合使用综合Ridge
2022-04-02,23,C地姜山店,11000405,百事可乐330ml,碳酸饮料,多云,0,1,0,1.7327801323199843,hybrid_low_q1_regular_ridge,低销量指数平滑-常规Ridge混合,intermittent,0,天气、温度、风力、活动日为历史同月日参考；节假日按2022清明日历设定；低销量组合使用问题一指数平滑，非低销量组合使用综合Ridge
2022-04-02,23,C地姜山店,11001020,韩国海牌海苔 / 韩国海飘海苔,包装海苔,多云,0,1,0,0.8277973853625847,hybrid_low_q1_regular_ridge,低销量指数平滑-常规Ridge混合,regular,0,天气、温度、风力、活动日为历史同月日参考；节假日按2022清明日历设定；低销量组合使用问题一指数平滑，非低销量组合使用综合Ridge
2022-04-02,23,C地姜山店,11002170,三养辣火鸡味拌面,速食类,多云,0,1,0,1.305728395949643,hybrid_low_q1_regular_ridge,低销量指数平滑-常规Ridge混合,low_volume_intermittent,1,天气、温度、风力、活动日为历史同月日参考；节假日按2022清明日历设定；低销量组合使用问题一指数平滑，非低销量组合使用综合Ridge
2022-04-02,23,C地姜山店,11002561,乡吧哥蜜汁鸡翅,包装散称,多云,0,1,0,15.23802515566578,hybrid_low_q1_regular_ridge,低销量指数平滑-常规Ridge混合,volatile,0,天气、温度、风力、活动日为历史同月日参考；节假日按2022清明日历设定；低销量组合使用问题一指数平滑，非低销量组合使用综合Ridge
2022-04-02,23,C地姜山店,11002605,老板仔香脆海苔卷（原味）,包装海苔,多云,0,1,0,0.5328184791936368,hybrid_low_q1_regular_ridge,低销量指数平滑-常规Ridge混合,intermittent,0,天气、温度、风力、活动日为历史同月日参考；节假日按2022清明日历设定；低销量组合使用问题一指数平滑，非低销量组合使用综合Ridge
2022-04-02,23,C地姜山店,11004973,特仑苏纯牛奶,乳类饮品,多云,0,1,0,0.0005453125873052109,hybrid_low_q1_regular_ridge,低销量指数平滑-常规Ridge混合,very_sparse,1,天气、温度、风力、活动日为历史同月日参考；节假日按2022清明日历设定；低销量组合使用问题一指数平滑，非低销量组合使用综合Ridge
2022-04-02,23,C地姜山店,11005780,大丰古法瓜子,包装坚果,多云,0,1,0,0.9809167243029836,hybrid_low_q1_regular_ridge,低销量指数平滑-常规Ridge混合,regular,0,天气、温度、风力、活动日为历史同月日参考；节假日按2022清明日历设定；低销量组合使用问题一指数平滑，非低销量组合使用综合Ridge
2022-04-02,23,C地姜山店,11008516,李子柒螺蛳粉335g,速食类,多云,0,1,0,1.3631959332651025,hybrid_low_q1_regular_ridge,低销量指数平滑-常规Ridge混合,intermittent,0,天气、温度、风力、活动日为历史同月日参考；节假日按2022清明日历设定；低销量组合使用问题一指数平滑，非低销量组合使用综合Ridge
2022-04-02,23,C地姜山店,12000134,百事可乐600ml,碳酸饮料,多云,0,1,0,1.5560180747016925,hybrid_low_q1_regular_ridge,低销量指数平滑-常规Ridge混合,regular,0,天气、温度、风力、活动日为历史同月日参考；节假日按2022清明日历设定；低销量组合使用问题一指数平滑，非低销量组合使用综合Ridge
2022-04-02,23,C地姜山店,12000292,红牛,功能饮料,多云,0,1,0,3.83698231373958,hybrid_low_q1_regular_ridge,低销量指数平滑-常规Ridge混合,regular,0,天气、温度、风力、活动日为历史同月日参考；节假日按2022清明日历设定；低销量组合使用问题一指数平滑，非低销量组合使用综合Ridge
2022-04-02,23,C地姜山店,12001131,旺仔牛奶,乳类饮品,多云,0,1,0,1.0241358795440272,hybrid_low_q1_regular_ridge,低销量指数平滑-常规Ridge混合,intermittent,0,天气、温度、风力、活动日为历史同月日参考；节假日按2022清明日历设定；低销量组合使用问题一指数平滑，非低销量组合使用综合Ridge
2022-04-02,47,C地桑田路店,11000405,百事可乐330ml,碳酸饮料,多云,0,1,0,1.5154028433848912,hybrid_low_q1_regular_ridge,低销量指数平滑-常规Ridge混合,volatile,0,天气、温度、风力、活动日为历史同月日参考；节假日按2022清明日历设定；低销量组合使用问题一指数平滑，非低销量组合使用综合Ridge
2022-04-02,47,C地桑田路店,11001020,韩国海牌海苔 / 韩国海飘海苔,包装海苔,多云,0,1,0,2.0899724113631835,hybrid_low_q1_regular_ridge,低销量指数平滑-常规Ridge混合,volatile,0,天气、温度、风力、活动日为历史同月日参考；节假日按2022清明日历设定；低销量组合使用问题一指数平滑，非低销量组合使用综合Ridge
2022-04-02,47,C地桑田路店,11002170,三养辣火鸡味拌面,速食类,多云,0,1,0,0.5434370582394912,hybrid_low_q1_regular_ridge,低销量指数平滑-常规Ridge混合,low_volume_intermittent,1,天气、温度、风力、活动日为历史同月日参考；节假日按2022清明日历设定；低销量组合使用问题一指数平滑，非低销量组合使用综合Ridge
2022-04-02,47,C地桑田路店,11002561,乡吧哥蜜汁鸡翅,包装散称,多云,0,1,0,6.783382260549221,hybrid_low_q1_regular_ridge,低销量指数平滑-常规Ridge混合,regular,0,天气、温度、风力、活动日为历史同月日参考；节假日按2022清明日历设定；低销量组合使用问题一指数平滑，非低销量组合使用综合Ridge
2022-04-02,47,C地桑田路店,11002605,老板仔香脆海苔卷（原味）,包装海苔,多云,0,1,0,1.200505237640806,hybrid_low_q1_regular_ridge,低销量指数平滑-常规Ridge混合,intermittent,0,天气、温度、风力、活动日为历史同月日参考；节假日按2022清明日历设定；低销量组合使用问题一指数平滑，非低销量组合使用综合Ridge
2022-04-02,47,C地桑田路店,11005780,大丰古法瓜子,包装坚果,多云,0,1,0,1.405969424455369,hybrid_low_q1_regular_ridge,低销量指数平滑-常规Ridge混合,intermittent,0,天气、温度、风力、活动日为历史同月日参考；节假日按2022清明日历设定；低销量组合使用问题一指数平滑，非低销量组合使用综合Ridge
2022-04-02,47,C地桑田路店,11008516,李子柒螺蛳粉335g,速食类,多云,0,1,0,0.7740705311591362,hybrid_low_q1_regular_ridge,低销量指数平滑-常规Ridge混合,low_volume_intermittent,1,天气、温度、风力、活动日为历史同月日参考；节假日按2022清明日历设定；低销量组合使用问题一指数平滑，非低销量组合使用综合Ridge
2022-04-02,47,C地桑田路店,11008644,洽洽早餐每日坚果（燕麦片）,包装冲饮,多云,0,1,0,0.0,hybrid_low_q1_regular_ridge,低销量指数平滑-常规Ridge混合,very_sparse,1,天气、温度、风力、活动日为历史同月日参考；节假日按2022清明日历设定；低销量组合使用问题一指数平滑，非低销量组合使用综合Ridge
2022-04-02,47,C地桑田路店,12000134,百事可乐600ml,碳酸饮料,多云,0,1,0,2.362679697613892,hybrid_low_q1_regular_ridge,低销量指数平滑-常规Ridge混合,regular,0,天气、温度、风力、活动日为历史同月日参考；节假日按2022清明日历设定；低销量组合使用问题一指数平滑，非低销量组合使用综合Ridge
2022-04-02,47,C地桑田路店,12000292,红牛,功能饮料,多云,0,1,0,3.00014306628618,hybrid_low_q1_regular_ridge,低销量指数平滑-常规Ridge混合,volatile,0,天气、温度、风力、活动日为历史同月日参考；节假日按2022清明日历设定；低销量组合使用问题一指数平滑，非低销量组合使用综合Ridge
2022-04-02,47,C地桑田路店,12001131,旺仔牛奶,乳类饮品,多云,0,1,0,1.5211395147705546,hybrid_low_q1_regular_ridge,低销量指数平滑-常规Ridge混合,intermittent,0,天气、温度、风力、活动日为历史同月日参考；节假日按2022清明日历设定；低销量组合使用问题一指数平滑，非低销量组合使用综合Ridge
2022-04-02,69,B地江山店店,11000405,百事可乐330ml,碳酸饮料,多云,0,1,0,3.554910658333159,hybrid_low_q1_regular_ridge,低销量指数平滑-常规Ridge混合,regular,0,天气、温度、风力、活动日为历史同月日参考；节假日按2022清明日历设定；低销量组合使用问题一指数平滑，非低销量组合使用综合Ridge
2022-04-02,69,B地江山店店,11001020,韩国海牌海苔 / 韩国海飘海苔,包装海苔,多云,0,1,0,1.4835558992776692,hybrid_low_q1_regular_ridge,低销量指数平滑-常规Ridge混合,intermittent,0,天气、温度、风力、活动日为历史同月日参考；节假日按2022清明日历设定；低销量组合使用问题一指数平滑，非低销量组合使用综合Ridge
2022-04-02,69,B地江山店店,11002170,三养辣火鸡味拌面,速食类,多云,0,1,0,0.5239870553017352,hybrid_low_q1_regular_ridge,低销量指数平滑-常规Ridge混合,low_volume_intermittent,1,天气、温度、风力、活动日为历史同月日参考；节假日按2022清明日历设定；低销量组合使用问题一指数平滑，非低销量组合使用综合Ridge
2022-04-02,69,B地江山店店,11002561,乡吧哥蜜汁鸡翅,包装散称,多云,0,1,0,22.3417887236466,hybrid_low_q1_regular_ridge,低销量指数平滑-常规Ridge混合,volatile,0,天气、温度、风力、活动日为历史同月日参考；节假日按2022清明日历设定；低销量组合使用问题一指数平滑，非低销量组合使用综合Ridge
2022-04-02,69,B地江山店店,11002605,老板仔香脆海苔卷（原味）,包装海苔,多云,0,1,0,0.8899547814671817,hybrid_low_q1_regular_ridge,低销量指数平滑-常规Ridge混合,intermittent,0,天气、温度、风力、活动日为历史同月日参考；节假日按2022清明日历设定；低销量组合使用问题一指数平滑，非低销量组合使用综合Ridge
2022-04-02,69,B地江山店店,11005780,大丰古法瓜子,包装坚果,多云,0,1,0,2.2297972841238014,hybrid_low_q1_regular_ridge,低销量指数平滑-常规Ridge混合,regular,0,天气、温度、风力、活动日为历史同月日参考；节假日按2022清明日历设定；低销量组合使用问题一指数平滑，非低销量组合使用综合Ridge
2022-04-02,69,B地江山店店,11008516,李子柒螺蛳粉335g,速食类,多云,0,1,0,1.9044880676631817,hybrid_low_q1_regular_ridge,低销量指数平滑-常规Ridge混合,intermittent,0,天气、温度、风力、活动日为历史同月日参考；节假日按2022清明日历设定；低销量组合使用问题一指数平滑，非低销量组合使用综合Ridge
2022-04-02,69,B地江山店店,11008644,洽洽早餐每日坚果（燕麦片）,包装冲饮,多云,0,1,0,0.0,hybrid_low_q1_regular_ridge,低销量指数平滑-常规Ridge混合,very_sparse,1,天气、温度、风力、活动日为历史同月日参考；节假日按2022清明日历设定；低销量组合使用问题一指数平滑，非低销量组合使用综合Ridge
2022-04-02,69,B地江山店店,12000134,百事可乐600ml,碳酸饮料,多云,0,1,0,5.54769285788448,hybrid_low_q1_regular_ridge,低销量指数平滑-常规Ridge混合,regular,0,天气、温度、风力、活动日为历史同月日参考；节假日按2022清明日历设定；低销量组合使用问题一指数平滑，非低销量组合使用综合Ridge
2022-04-02,69,B地江山店店,12000292,红牛,功能饮料,多云,0,1,0,5.926177918855952,hybrid_low_q1_regular_ridge,低销量指数平滑-常规Ridge混合,volatile,0,天气、温度、风力、活动日为历史同月日参考；节假日按2022清明日历设定；低销量组合使用问题一指数平滑，非低销量组合使用综合Ridge
2022-04-02,69,B地江山店店,12001131,旺仔牛奶,乳类饮品,多云,0,1,0,1.8042088383044683,hybrid_low_q1_regular_ridge,低销量指数平滑-常规Ridge混合,volatile,0,天气、温度、风力、活动日为历史同月日参考；节假日按2022清明日历设定；低销量组合使用问题一指数平滑，非低销量组合使用综合Ridge
2022-04-02,178,C地五乡镇店,11000405,百事可乐330ml,碳酸饮料,多云,0,1,0,4.640000015470197,hybrid_low_q1_regular_ridge,低销量指数平滑-常规Ridge混合,low_volume_intermittent,1,天气、温度、风力、活动日为历史同月日参考；节假日按2022清明日历设定；低销量组合使用问题一指数平滑，非低销量组合使用综合Ridge
2022-04-02,178,C地五乡镇店,11001020,韩国海牌海苔 / 韩国海飘海苔,包装海苔,多云,0,1,0,1.1888227360036674,hybrid_low_q1_regular_ridge,低销量指数平滑-常规Ridge混合,intermittent,0,天气、温度、风力、活动日为历史同月日参考；节假日按2022清明日历设定；低销量组合使用问题一指数平滑，非低销量组合使用综合Ridge
2022-04-02,178,C地五乡镇店,11002170,三养辣火鸡味拌面,速食类,多云,0,1,0,1.151961928587539,hybrid_low_q1_regular_ridge,低销量指数平滑-常规Ridge混合,intermittent,0,天气、温度、风力、活动日为历史同月日参考；节假日按2022清明日历设定；低销量组合使用问题一指数平滑，非低销量组合使用综合Ridge
2022-04-02,178,C地五乡镇店,11002561,乡吧哥蜜汁鸡翅,包装散称,多云,0,1,0,9.27403110324703,hybrid_low_q1_regular_ridge,低销量指数平滑-常规Ridge混合,intermittent,0,天气、温度、风力、活动日为历史同月日参考；节假日按2022清明日历设定；低销量组合使用问题一指数平滑，非低销量组合使用综合Ridge
2022-04-02,178,C地五乡镇店,11002605,老板仔香脆海苔卷（原味）,包装海苔,多云,0,1,0,0.0,hybrid_low_q1_regular_ridge,低销量指数平滑-常规Ridge混合,very_sparse,1,天气、温度、风力、活动日为历史同月日参考；节假日按2022清明日历设定；低销量组合使用问题一指数平滑，非低销量组合使用综合Ridge
2022-04-02,178,C地五乡镇店,11004973,特仑苏纯牛奶,乳类饮品,多云,0,1,0,0.3008152635344523,hybrid_low_q1_regular_ridge,低销量指数平滑-常规Ridge混合,very_sparse,1,天气、温度、风力、活动日为历史同月日参考；节假日按2022清明日历设定；低销量组合使用问题一指数平滑，非低销量组合使用综合Ridge
2022-04-02,178,C地五乡镇店,11005780,大丰古法瓜子,包装坚果,多云,0,1,0,0.8730901937474458,hybrid_low_q1_regular_ridge,低销量指数平滑-常规Ridge混合,low_volume_intermittent,1,天气、温度、风力、活动日为历史同月日参考；节假日按2022清明日历设定；低销量组合使用问题一指数平滑，非低销量组合使用综合Ridge
2022-04-02,178,C地五乡镇店,11008516,李子柒螺蛳粉335g,速食类,多云,0,1,0,2.5594531977965334,hybrid_low_q1_regular_ridge,低销量指数平滑-常规Ridge混合,intermittent,0,天气、温度、风力、活动日为历史同月日参考；节假日按2022清明日历设定；低销量组合使用问题一指数平滑，非低销量组合使用综合Ridge
2022-04-02,178,C地五乡镇店,12000134,百事可乐600ml,碳酸饮料,多云,0,1,0,2.553694099705133,hybrid_low_q1_regular_ridge,低销量指数平滑-常规Ridge混合,intermittent,0,天气、温度、风力、活动日为历史同月日参考；节假日按2022清明日历设定；低销量组合使用问题一指数平滑，非低销量组合使用综合Ridge
2022-04-02,178,C地五乡镇店,12000292,红牛,功能饮料,多云,0,1,0,17.05730488343361,hybrid_low_q1_regular_ridge,低销量指数平滑-常规Ridge混合,volatile,0,天气、温度、风力、活动日为历史同月日参考；节假日按2022清明日历设定；低销量组合使用问题一指数平滑，非低销量组合使用综合Ridge
2022-04-02,178,C地五乡镇店,12001131,旺仔牛奶,乳类饮品,多云,0,1,0,3.850658148753285,hybrid_low_q1_regular_ridge,低销量指数平滑-常规Ridge混合,intermittent,0,天气、温度、风力、活动日为历史同月日参考；节假日按2022清明日历设定；低销量组合使用问题一指数平滑，非低销量组合使用综合Ridge
2022-04-02,276,A地双桥路店,11000405,百事可乐330ml,碳酸饮料,多云,0,1,0,0.2689054531264976,hybrid_low_q1_regular_ridge,低销量指数平滑-常规Ridge混合,very_sparse,1,天气、温度、风力、活动日为历史同月日参考；节假日按2022清明日历设定；低销量组合使用问题一指数平滑，非低销量组合使用综合Ridge
2022-04-02,276,A地双桥路店,11001020,韩国海牌海苔 / 韩国海飘海苔,包装海苔,多云,0,1,0,0.07778432375348415,hybrid_low_q1_regular_ridge,低销量指数平滑-常规Ridge混合,very_sparse,1,天气、温度、风力、活动日为历史同月日参考；节假日按2022清明日历设定；低销量组合使用问题一指数平滑，非低销量组合使用综合Ridge
2022-04-02,276,A地双桥路店,11002170,三养辣火鸡味拌面,速食类,多云,0,1,0,0.13194093933423176,hybrid_low_q1_regular_ridge,低销量指数平滑-常规Ridge混合,very_sparse,1,天气、温度、风力、活动日为历史同月日参考；节假日按2022清明日历设定；低销量组合使用问题一指数平滑，非低销量组合使用综合Ridge
2022-04-02,276,A地双桥路店,11002561,乡吧哥蜜汁鸡翅,包装散称,多云,0,1,0,0.32597375512041915,hybrid_low_q1_regular_ridge,低销量指数平滑-常规Ridge混合,very_sparse,1,天气、温度、风力、活动日为历史同月日参考；节假日按2022清明日历设定；低销量组合使用问题一指数平滑，非低销量组合使用综合Ridge
2022-04-02,276,A地双桥路店,11002605,老板仔香脆海苔卷（原味）,包装海苔,多云,0,1,0,0.10321785142313557,hybrid_low_q1_regular_ridge,低销量指数平滑-常规Ridge混合,very_sparse,1,天气、温度、风力、活动日为历史同月日参考；节假日按2022清明日历设定；低销量组合使用问题一指数平滑，非低销量组合使用综合Ridge
2022-04-02,276,A地双桥路店,11005780,大丰古法瓜子,包装坚果,多云,0,1,0,0.0,hybrid_low_q1_regular_ridge,低销量指数平滑-常规Ridge混合,very_sparse,1,天气、温度、风力、活动日为历史同月日参考；节假日按2022清明日历设定；低销量组合使用问题一指数平滑，非低销量组合使用综合Ridge
2022-04-02,276,A地双桥路店,11008516,李子柒螺蛳粉335g,速食类,多云,0,1,0,0.0,hybrid_low_q1_regular_ridge,低销量指数平滑-常规Ridge混合,very_sparse,1,天气、温度、风力、活动日为历史同月日参考；节假日按2022清明日历设定；低销量组合使用问题一指数平滑，非低销量组合使用综合Ridge
2022-04-02,276,A地双桥路店,12000134,百事可乐600ml,碳酸饮料,多云,0,1,0,0.43283342937486996,hybrid_low_q1_regular_ridge,低销量指数平滑-常规Ridge混合,very_sparse,1,天气、温度、风力、活动日为历史同月日参考；节假日按2022清明日历设定；低销量组合使用问题一指数平滑，非低销量组合使用综合Ridge
2022-04-02,276,A地双桥路店,12000292,红牛,功能饮料,多云,0,1,0,1.007961605577367,hybrid_low_q1_regular_ridge,低销量指数平滑-常规Ridge混合,very_sparse,1,天气、温度、风力、活动日为历史同月日参考；节假日按2022清明日历设定；低销量组合使用问题一指数平滑，非低销量组合使用综合Ridge
2022-04-02,276,A地双桥路店,12001131,旺仔牛奶,乳类饮品,多云,0,1,0,0.06234072488811536,hybrid_low_q1_regular_ridge,低销量指数平滑-常规Ridge混合,very_sparse,1,天气、温度、风力、活动日为历史同月日参考；节假日按2022清明日历设定；低销量组合使用问题一指数平滑，非低销量组合使用综合Ridge
2022-04-03,14,C地彩虹南路店,11000405,百事可乐330ml,碳酸饮料,阴,1,1,0,2.694624611720481,hybrid_low_q1_regular_ridge,低销量指数平滑-常规Ridge混合,volatile,0,天气、温度、风力、活动日为历史同月日参考；节假日按2022清明日历设定；低销量组合使用问题一指数平滑，非低销量组合使用综合Ridge
2022-04-03,14,C地彩虹南路店,11001020,韩国海牌海苔 / 韩国海飘海苔,包装海苔,阴,1,1,0,0.332663609325865,hybrid_low_q1_regular_ridge,低销量指数平滑-常规Ridge混合,intermittent,0,天气、温度、风力、活动日为历史同月日参考；节假日按2022清明日历设定；低销量组合使用问题一指数平滑，非低销量组合使用综合Ridge
2022-04-03,14,C地彩虹南路店,11002170,三养辣火鸡味拌面,速食类,阴,1,1,0,0.2656404976078264,hybrid_low_q1_regular_ridge,低销量指数平滑-常规Ridge混合,very_sparse,1,天气、温度、风力、活动日为历史同月日参考；节假日按2022清明日历设定；低销量组合使用问题一指数平滑，非低销量组合使用综合Ridge
2022-04-03,14,C地彩虹南路店,11002561,乡吧哥蜜汁鸡翅,包装散称,阴,1,1,0,4.643730984304669,hybrid_low_q1_regular_ridge,低销量指数平滑-常规Ridge混合,volatile,0,天气、温度、风力、活动日为历史同月日参考；节假日按2022清明日历设定；低销量组合使用问题一指数平滑，非低销量组合使用综合Ridge
2022-04-03,14,C地彩虹南路店,11002605,老板仔香脆海苔卷（原味）,包装海苔,阴,1,1,0,0.0001113827502271514,hybrid_low_q1_regular_ridge,低销量指数平滑-常规Ridge混合,low_volume_intermittent,1,天气、温度、风力、活动日为历史同月日参考；节假日按2022清明日历设定；低销量组合使用问题一指数平滑，非低销量组合使用综合Ridge
2022-04-03,14,C地彩虹南路店,11004973,特仑苏纯牛奶,乳类饮品,阴,1,1,0,0.3865089155350014,hybrid_low_q1_regular_ridge,低销量指数平滑-常规Ridge混合,intermittent,0,天气、温度、风力、活动日为历史同月日参考；节假日按2022清明日历设定；低销量组合使用问题一指数平滑，非低销量组合使用综合Ridge
2022-04-03,14,C地彩虹南路店,11005780,大丰古法瓜子,包装坚果,阴,1,1,0,0.3049212566546129,hybrid_low_q1_regular_ridge,低销量指数平滑-常规Ridge混合,regular,0,天气、温度、风力、活动日为历史同月日参考；节假日按2022清明日历设定；低销量组合使用问题一指数平滑，非低销量组合使用综合Ridge
2022-04-03,14,C地彩虹南路店,11008516,李子柒螺蛳粉335g,速食类,阴,1,1,0,1.7812264202845633,hybrid_low_q1_regular_ridge,低销量指数平滑-常规Ridge混合,low_volume_intermittent,1,天气、温度、风力、活动日为历史同月日参考；节假日按2022清明日历设定；低销量组合使用问题一指数平滑，非低销量组合使用综合Ridge
2022-04-03,14,C地彩虹南路店,11008644,洽洽早餐每日坚果（燕麦片）,包装冲饮,阴,1,1,0,0.0,hybrid_low_q1_regular_ridge,低销量指数平滑-常规Ridge混合,very_sparse,1,天气、温度、风力、活动日为历史同月日参考；节假日按2022清明日历设定；低销量组合使用问题一指数平滑，非低销量组合使用综合Ridge
2022-04-03,14,C地彩虹南路店,12000134,百事可乐600ml,碳酸饮料,阴,1,1,0,1.2123209740341347,hybrid_low_q1_regular_ridge,低销量指数平滑-常规Ridge混合,regular,0,天气、温度、风力、活动日为历史同月日参考；节假日按2022清明日历设定；低销量组合使用问题一指数平滑，非低销量组合使用综合Ridge
2022-04-03,14,C地彩虹南路店,12000292,红牛,功能饮料,阴,1,1,0,6.078464893168371,hybrid_low_q1_regular_ridge,低销量指数平滑-常规Ridge混合,regular,0,天气、温度、风力、活动日为历史同月日参考；节假日按2022清明日历设定；低销量组合使用问题一指数平滑，非低销量组合使用综合Ridge
2022-04-03,14,C地彩虹南路店,12001131,旺仔牛奶,乳类饮品,阴,1,1,0,1.606998997288799,hybrid_low_q1_regular_ridge,低销量指数平滑-常规Ridge混合,intermittent,0,天气、温度、风力、活动日为历史同月日参考；节假日按2022清明日历设定；低销量组合使用问题一指数平滑，非低销量组合使用综合Ridge
2022-04-03,18,A地天九街店,11000405,百事可乐330ml,碳酸饮料,阴,1,1,0,4.2842588607439405,hybrid_low_q1_regular_ridge,低销量指数平滑-常规Ridge混合,intermittent,0,天气、温度、风力、活动日为历史同月日参考；节假日按2022清明日历设定；低销量组合使用问题一指数平滑，非低销量组合使用综合Ridge
2022-04-03,18,A地天九街店,11001020,韩国海牌海苔 / 韩国海飘海苔,包装海苔,阴,1,1,0,1.6360844379254196,hybrid_low_q1_regular_ridge,低销量指数平滑-常规Ridge混合,intermittent,0,天气、温度、风力、活动日为历史同月日参考；节假日按2022清明日历设定；低销量组合使用问题一指数平滑，非低销量组合使用综合Ridge
2022-04-03,18,A地天九街店,11002170,三养辣火鸡味拌面,速食类,阴,1,1,0,0.6837584841239029,hybrid_low_q1_regular_ridge,低销量指数平滑-常规Ridge混合,low_volume_intermittent,1,天气、温度、风力、活动日为历史同月日参考；节假日按2022清明日历设定；低销量组合使用问题一指数平滑，非低销量组合使用综合Ridge
2022-04-03,18,A地天九街店,11002561,乡吧哥蜜汁鸡翅,包装散称,阴,1,1,0,4.407976605094355,hybrid_low_q1_regular_ridge,低销量指数平滑-常规Ridge混合,intermittent,0,天气、温度、风力、活动日为历史同月日参考；节假日按2022清明日历设定；低销量组合使用问题一指数平滑，非低销量组合使用综合Ridge
2022-04-03,18,A地天九街店,11002605,老板仔香脆海苔卷（原味）,包装海苔,阴,1,1,0,0.6106191011840001,hybrid_low_q1_regular_ridge,低销量指数平滑-常规Ridge混合,very_sparse,1,天气、温度、风力、活动日为历史同月日参考；节假日按2022清明日历设定；低销量组合使用问题一指数平滑，非低销量组合使用综合Ridge
2022-04-03,18,A地天九街店,11005780,大丰古法瓜子,包装坚果,阴,1,1,0,1.436974383110902,hybrid_low_q1_regular_ridge,低销量指数平滑-常规Ridge混合,intermittent,0,天气、温度、风力、活动日为历史同月日参考；节假日按2022清明日历设定；低销量组合使用问题一指数平滑，非低销量组合使用综合Ridge
2022-04-03,18,A地天九街店,11008516,李子柒螺蛳粉335g,速食类,阴,1,1,0,2.327877117427516e-05,hybrid_low_q1_regular_ridge,低销量指数平滑-常规Ridge混合,very_sparse,1,天气、温度、风力、活动日为历史同月日参考；节假日按2022清明日历设定；低销量组合使用问题一指数平滑，非低销量组合使用综合Ridge
2022-04-03,18,A地天九街店,12000134,百事可乐600ml,碳酸饮料,阴,1,1,0,3.258156855162324,hybrid_low_q1_regular_ridge,低销量指数平滑-常规Ridge混合,intermittent,0,天气、温度、风力、活动日为历史同月日参考；节假日按2022清明日历设定；低销量组合使用问题一指数平滑，非低销量组合使用综合Ridge
2022-04-03,18,A地天九街店,12000292,红牛,功能饮料,阴,1,1,0,14.577735314942109,hybrid_low_q1_regular_ridge,低销量指数平滑-常规Ridge混合,intermittent,0,天气、温度、风力、活动日为历史同月日参考；节假日按2022清明日历设定；低销量组合使用问题一指数平滑，非低销量组合使用综合Ridge
2022-04-03,18,A地天九街店,12001131,旺仔牛奶,乳类饮品,阴,1,1,0,2.0120334974124723,hybrid_low_q1_regular_ridge,低销量指数平滑-常规Ridge混合,intermittent,0,天气、温度、风力、活动日为历史同月日参考；节假日按2022清明日历设定；低销量组合使用问题一指数平滑，非低销量组合使用综合Ridge
2022-04-03,23,C地姜山店,11000405,百事可乐330ml,碳酸饮料,阴,1,1,0,1.6247459509899196,hybrid_low_q1_regular_ridge,低销量指数平滑-常规Ridge混合,intermittent,0,天气、温度、风力、活动日为历史同月日参考；节假日按2022清明日历设定；低销量组合使用问题一指数平滑，非低销量组合使用综合Ridge
2022-04-03,23,C地姜山店,11001020,韩国海牌海苔 / 韩国海飘海苔,包装海苔,阴,1,1,0,0.5429266042893226,hybrid_low_q1_regular_ridge,低销量指数平滑-常规Ridge混合,regular,0,天气、温度、风力、活动日为历史同月日参考；节假日按2022清明日历设定；低销量组合使用问题一指数平滑，非低销量组合使用综合Ridge
2022-04-03,23,C地姜山店,11002170,三养辣火鸡味拌面,速食类,阴,1,1,0,1.305728395949643,hybrid_low_q1_regular_ridge,低销量指数平滑-常规Ridge混合,low_volume_intermittent,1,天气、温度、风力、活动日为历史同月日参考；节假日按2022清明日历设定；低销量组合使用问题一指数平滑，非低销量组合使用综合Ridge
2022-04-03,23,C地姜山店,11002561,乡吧哥蜜汁鸡翅,包装散称,阴,1,1,0,14.450155221765396,hybrid_low_q1_regular_ridge,低销量指数平滑-常规Ridge混合,volatile,0,天气、温度、风力、活动日为历史同月日参考；节假日按2022清明日历设定；低销量组合使用问题一指数平滑，非低销量组合使用综合Ridge
2022-04-03,23,C地姜山店,11002605,老板仔香脆海苔卷（原味）,包装海苔,阴,1,1,0,0.4053530639700486,hybrid_low_q1_regular_ridge,低销量指数平滑-常规Ridge混合,intermittent,0,天气、温度、风力、活动日为历史同月日参考；节假日按2022清明日历设定；低销量组合使用问题一指数平滑，非低销量组合使用综合Ridge
2022-04-03,23,C地姜山店,11004973,特仑苏纯牛奶,乳类饮品,阴,1,1,0,0.0005453125873052109,hybrid_low_q1_regular_ridge,低销量指数平滑-常规Ridge混合,very_sparse,1,天气、温度、风力、活动日为历史同月日参考；节假日按2022清明日历设定；低销量组合使用问题一指数平滑，非低销量组合使用综合Ridge
2022-04-03,23,C地姜山店,11005780,大丰古法瓜子,包装坚果,阴,1,1,0,0.7953683986719071,hybrid_low_q1_regular_ridge,低销量指数平滑-常规Ridge混合,regular,0,天气、温度、风力、活动日为历史同月日参考；节假日按2022清明日历设定；低销量组合使用问题一指数平滑，非低销量组合使用综合Ridge
2022-04-03,23,C地姜山店,11008516,李子柒螺蛳粉335g,速食类,阴,1,1,0,1.0467091004571012,hybrid_low_q1_regular_ridge,低销量指数平滑-常规Ridge混合,intermittent,0,天气、温度、风力、活动日为历史同月日参考；节假日按2022清明日历设定；低销量组合使用问题一指数平滑，非低销量组合使用综合Ridge
2022-04-03,23,C地姜山店,12000134,百事可乐600ml,碳酸饮料,阴,1,1,0,1.3410537279230517,hybrid_low_q1_regular_ridge,低销量指数平滑-常规Ridge混合,regular,0,天气、温度、风力、活动日为历史同月日参考；节假日按2022清明日历设定；低销量组合使用问题一指数平滑，非低销量组合使用综合Ridge
2022-04-03,23,C地姜山店,12000292,红牛,功能饮料,阴,1,1,0,3.568645512055582,hybrid_low_q1_regular_ridge,低销量指数平滑-常规Ridge混合,regular,0,天气、温度、风力、活动日为历史同月日参考；节假日按2022清明日历设定；低销量组合使用问题一指数平滑，非低销量组合使用综合Ridge
2022-04-03,23,C地姜山店,12001131,旺仔牛奶,乳类饮品,阴,1,1,0,0.8196770647915923,hybrid_low_q1_regular_ridge,低销量指数平滑-常规Ridge混合,intermittent,0,天气、温度、风力、活动日为历史同月日参考；节假日按2022清明日历设定；低销量组合使用问题一指数平滑，非低销量组合使用综合Ridge
2022-04-03,47,C地桑田路店,11000405,百事可乐330ml,碳酸饮料,阴,1,1,0,1.5381514104227434,hybrid_low_q1_regular_ridge,低销量指数平滑-常规Ridge混合,volatile,0,天气、温度、风力、活动日为历史同月日参考；节假日按2022清明日历设定；低销量组合使用问题一指数平滑，非低销量组合使用综合Ridge
2022-04-03,47,C地桑田路店,11001020,韩国海牌海苔 / 韩国海飘海苔,包装海苔,阴,1,1,0,1.818023467508484,hybrid_low_q1_regular_ridge,低销量指数平滑-常规Ridge混合,volatile,0,天气、温度、风力、活动日为历史同月日参考；节假日按2022清明日历设定；低销量组合使用问题一指数平滑，非低销量组合使用综合Ridge
2022-04-03,47,C地桑田路店,11002170,三养辣火鸡味拌面,速食类,阴,1,1,0,0.5434370582394912,hybrid_low_q1_regular_ridge,低销量指数平滑-常规Ridge混合,low_volume_intermittent,1,天气、温度、风力、活动日为历史同月日参考；节假日按2022清明日历设定；低销量组合使用问题一指数平滑，非低销量组合使用综合Ridge
2022-04-03,47,C地桑田路店,11002561,乡吧哥蜜汁鸡翅,包装散称,阴,1,1,0,6.126540599587205,hybrid_low_q1_regular_ridge,低销量指数平滑-常规Ridge混合,regular,0,天气、温度、风力、活动日为历史同月日参考；节假日按2022清明日历设定；低销量组合使用问题一指数平滑，非低销量组合使用综合Ridge
2022-04-03,47,C地桑田路店,11002605,老板仔香脆海苔卷（原味）,包装海苔,阴,1,1,0,1.0411925630110752,hybrid_low_q1_regular_ridge,低销量指数平滑-常规Ridge混合,intermittent,0,天气、温度、风力、活动日为历史同月日参考；节假日按2022清明日历设定；低销量组合使用问题一指数平滑，非低销量组合使用综合Ridge
2022-04-03,47,C地桑田路店,11005780,大丰古法瓜子,包装坚果,阴,1,1,0,1.188779245997606,hybrid_low_q1_regular_ridge,低销量指数平滑-常规Ridge混合,intermittent,0,天气、温度、风力、活动日为历史同月日参考；节假日按2022清明日历设定；低销量组合使用问题一指数平滑，非低销量组合使用综合Ridge
2022-04-03,47,C地桑田路店,11008516,李子柒螺蛳粉335g,速食类,阴,1,1,0,0.7740705311591362,hybrid_low_q1_regular_ridge,低销量指数平滑-常规Ridge混合,low_volume_intermittent,1,天气、温度、风力、活动日为历史同月日参考；节假日按2022清明日历设定；低销量组合使用问题一指数平滑，非低销量组合使用综合Ridge
2022-04-03,47,C地桑田路店,11008644,洽洽早餐每日坚果（燕麦片）,包装冲饮,阴,1,1,0,0.0,hybrid_low_q1_regular_ridge,低销量指数平滑-常规Ridge混合,very_sparse,1,天气、温度、风力、活动日为历史同月日参考；节假日按2022清明日历设定；低销量组合使用问题一指数平滑，非低销量组合使用综合Ridge
2022-04-03,47,C地桑田路店,12000134,百事可乐600ml,碳酸饮料,阴,1,1,0,2.533524699451463,hybrid_low_q1_regular_ridge,低销量指数平滑-常规Ridge混合,regular,0,天气、温度、风力、活动日为历史同月日参考；节假日按2022清明日历设定；低销量组合使用问题一指数平滑，非低销量组合使用综合Ridge
2022-04-03,47,C地桑田路店,12000292,红牛,功能饮料,阴,1,1,0,2.9732152584100757,hybrid_low_q1_regular_ridge,低销量指数平滑-常规Ridge混合,volatile,0,天气、温度、风力、活动日为历史同月日参考；节假日按2022清明日历设定；低销量组合使用问题一指数平滑，非低销量组合使用综合Ridge
2022-04-03,47,C地桑田路店,12001131,旺仔牛奶,乳类饮品,阴,1,1,0,1.408637717357913,hybrid_low_q1_regular_ridge,低销量指数平滑-常规Ridge混合,intermittent,0,天气、温度、风力、活动日为历史同月日参考；节假日按2022清明日历设定；低销量组合使用问题一指数平滑，非低销量组合使用综合Ridge
2022-04-03,69,B地江山店店,11000405,百事可乐330ml,碳酸饮料,阴,1,1,0,3.0649773545572225,hybrid_low_q1_regular_ridge,低销量指数平滑-常规Ridge混合,regular,0,天气、温度、风力、活动日为历史同月日参考；节假日按2022清明日历设定；低销量组合使用问题一指数平滑，非低销量组合使用综合Ridge
2022-04-03,69,B地江山店店,11001020,韩国海牌海苔 / 韩国海飘海苔,包装海苔,阴,1,1,0,1.2143509503349066,hybrid_low_q1_regular_ridge,低销量指数平滑-常规Ridge混合,intermittent,0,天气、温度、风力、活动日为历史同月日参考；节假日按2022清明日历设定；低销量组合使用问题一指数平滑，非低销量组合使用综合Ridge
2022-04-03,69,B地江山店店,11002170,三养辣火鸡味拌面,速食类,阴,1,1,0,0.5239870553017352,hybrid_low_q1_regular_ridge,低销量指数平滑-常规Ridge混合,low_volume_intermittent,1,天气、温度、风力、活动日为历史同月日参考；节假日按2022清明日历设定；低销量组合使用问题一指数平滑，非低销量组合使用综合Ridge
2022-04-03,69,B地江山店店,11002561,乡吧哥蜜汁鸡翅,包装散称,阴,1,1,0,23.96740455435748,hybrid_low_q1_regular_ridge,低销量指数平滑-常规Ridge混合,volatile,0,天气、温度、风力、活动日为历史同月日参考；节假日按2022清明日历设定；低销量组合使用问题一指数平滑，非低销量组合使用综合Ridge
2022-04-03,69,B地江山店店,11002605,老板仔香脆海苔卷（原味）,包装海苔,阴,1,1,0,0.6839956821098572,hybrid_low_q1_regular_ridge,低销量指数平滑-常规Ridge混合,intermittent,0,天气、温度、风力、活动日为历史同月日参考；节假日按2022清明日历设定；低销量组合使用问题一指数平滑，非低销量组合使用综合Ridge
2022-04-03,69,B地江山店店,11005780,大丰古法瓜子,包装坚果,阴,1,1,0,2.230503332149581,hybrid_low_q1_regular_ridge,低销量指数平滑-常规Ridge混合,regular,0,天气、温度、风力、活动日为历史同月日参考；节假日按2022清明日历设定；低销量组合使用问题一指数平滑，非低销量组合使用综合Ridge
2022-04-03,69,B地江山店店,11008516,李子柒螺蛳粉335g,速食类,阴,1,1,0,1.5137294737322011,hybrid_low_q1_regular_ridge,低销量指数平滑-常规Ridge混合,intermittent,0,天气、温度、风力、活动日为历史同月日参考；节假日按2022清明日历设定；低销量组合使用问题一指数平滑，非低销量组合使用综合Ridge
2022-04-03,69,B地江山店店,11008644,洽洽早餐每日坚果（燕麦片）,包装冲饮,阴,1,1,0,0.0,hybrid_low_q1_regular_ridge,低销量指数平滑-常规Ridge混合,very_sparse,1,天气、温度、风力、活动日为历史同月日参考；节假日按2022清明日历设定；低销量组合使用问题一指数平滑，非低销量组合使用综合Ridge
2022-04-03,69,B地江山店店,12000134,百事可乐600ml,碳酸饮料,阴,1,1,0,5.151573696065308,hybrid_low_q1_regular_ridge,低销量指数平滑-常规Ridge混合,regular,0,天气、温度、风力、活动日为历史同月日参考；节假日按2022清明日历设定；低销量组合使用问题一指数平滑，非低销量组合使用综合Ridge
2022-04-03,69,B地江山店店,12000292,红牛,功能饮料,阴,1,1,0,6.059809205742222,hybrid_low_q1_regular_ridge,低销量指数平滑-常规Ridge混合,volatile,0,天气、温度、风力、活动日为历史同月日参考；节假日按2022清明日历设定；低销量组合使用问题一指数平滑，非低销量组合使用综合Ridge
2022-04-03,69,B地江山店店,12001131,旺仔牛奶,乳类饮品,阴,1,1,0,1.8612336616694285,hybrid_low_q1_regular_ridge,低销量指数平滑-常规Ridge混合,volatile,0,天气、温度、风力、活动日为历史同月日参考；节假日按2022清明日历设定；低销量组合使用问题一指数平滑，非低销量组合使用综合Ridge
2022-04-03,178,C地五乡镇店,11000405,百事可乐330ml,碳酸饮料,阴,1,1,0,4.640000015470197,hybrid_low_q1_regular_ridge,低销量指数平滑-常规Ridge混合,low_volume_intermittent,1,天气、温度、风力、活动日为历史同月日参考；节假日按2022清明日历设定；低销量组合使用问题一指数平滑，非低销量组合使用综合Ridge
2022-04-03,178,C地五乡镇店,11001020,韩国海牌海苔 / 韩国海飘海苔,包装海苔,阴,1,1,0,1.166028418540192,hybrid_low_q1_regular_ridge,低销量指数平滑-常规Ridge混合,intermittent,0,天气、温度、风力、活动日为历史同月日参考；节假日按2022清明日历设定；低销量组合使用问题一指数平滑，非低销量组合使用综合Ridge
2022-04-03,178,C地五乡镇店,11002170,三养辣火鸡味拌面,速食类,阴,1,1,0,1.0012982677674311,hybrid_low_q1_regular_ridge,低销量指数平滑-常规Ridge混合,intermittent,0,天气、温度、风力、活动日为历史同月日参考；节假日按2022清明日历设定；低销量组合使用问题一指数平滑，非低销量组合使用综合Ridge
2022-04-03,178,C地五乡镇店,11002561,乡吧哥蜜汁鸡翅,包装散称,阴,1,1,0,9.092297646704884,hybrid_low_q1_regular_ridge,低销量指数平滑-常规Ridge混合,intermittent,0,天气、温度、风力、活动日为历史同月日参考；节假日按2022清明日历设定；低销量组合使用问题一指数平滑，非低销量组合使用综合Ridge
2022-04-03,178,C地五乡镇店,11002605,老板仔香脆海苔卷（原味）,包装海苔,阴,1,1,0,0.0,hybrid_low_q1_regular_ridge,低销量指数平滑-常规Ridge混合,very_sparse,1,天气、温度、风力、活动日为历史同月日参考；节假日按2022清明日历设定；低销量组合使用问题一指数平滑，非低销量组合使用综合Ridge
2022-04-03,178,C地五乡镇店,11004973,特仑苏纯牛奶,乳类饮品,阴,1,1,0,0.3008152635344523,hybrid_low_q1_regular_ridge,低销量指数平滑-常规Ridge混合,very_sparse,1,天气、温度、风力、活动日为历史同月日参考；节假日按2022清明日历设定；低销量组合使用问题一指数平滑，非低销量组合使用综合Ridge
2022-04-03,178,C地五乡镇店,11005780,大丰古法瓜子,包装坚果,阴,1,1,0,0.8730901937474458,hybrid_low_q1_regular_ridge,低销量指数平滑-常规Ridge混合,low_volume_intermittent,1,天气、温度、风力、活动日为历史同月日参考；节假日按2022清明日历设定；低销量组合使用问题一指数平滑，非低销量组合使用综合Ridge
2022-04-03,178,C地五乡镇店,11008516,李子柒螺蛳粉335g,速食类,阴,1,1,0,2.620078292679006,hybrid_low_q1_regular_ridge,低销量指数平滑-常规Ridge混合,intermittent,0,天气、温度、风力、活动日为历史同月日参考；节假日按2022清明日历设定；低销量组合使用问题一指数平滑，非低销量组合使用综合Ridge
2022-04-03,178,C地五乡镇店,12000134,百事可乐600ml,碳酸饮料,阴,1,1,0,2.2205131063192844,hybrid_low_q1_regular_ridge,低销量指数平滑-常规Ridge混合,intermittent,0,天气、温度、风力、活动日为历史同月日参考；节假日按2022清明日历设定；低销量组合使用问题一指数平滑，非低销量组合使用综合Ridge
2022-04-03,178,C地五乡镇店,12000292,红牛,功能饮料,阴,1,1,0,17.146121865655903,hybrid_low_q1_regular_ridge,低销量指数平滑-常规Ridge混合,volatile,0,天气、温度、风力、活动日为历史同月日参考；节假日按2022清明日历设定；低销量组合使用问题一指数平滑，非低销量组合使用综合Ridge
2022-04-03,178,C地五乡镇店,12001131,旺仔牛奶,乳类饮品,阴,1,1,0,4.227453692439248,hybrid_low_q1_regular_ridge,低销量指数平滑-常规Ridge混合,intermittent,0,天气、温度、风力、活动日为历史同月日参考；节假日按2022清明日历设定；低销量组合使用问题一指数平滑，非低销量组合使用综合Ridge
2022-04-03,276,A地双桥路店,11000405,百事可乐330ml,碳酸饮料,阴,1,1,0,0.2689054531264976,hybrid_low_q1_regular_ridge,低销量指数平滑-常规Ridge混合,very_sparse,1,天气、温度、风力、活动日为历史同月日参考；节假日按2022清明日历设定；低销量组合使用问题一指数平滑，非低销量组合使用综合Ridge
2022-04-03,276,A地双桥路店,11001020,韩国海牌海苔 / 韩国海飘海苔,包装海苔,阴,1,1,0,0.07778432375348415,hybrid_low_q1_regular_ridge,低销量指数平滑-常规Ridge混合,very_sparse,1,天气、温度、风力、活动日为历史同月日参考；节假日按2022清明日历设定；低销量组合使用问题一指数平滑，非低销量组合使用综合Ridge
2022-04-03,276,A地双桥路店,11002170,三养辣火鸡味拌面,速食类,阴,1,1,0,0.13194093933423176,hybrid_low_q1_regular_ridge,低销量指数平滑-常规Ridge混合,very_sparse,1,天气、温度、风力、活动日为历史同月日参考；节假日按2022清明日历设定；低销量组合使用问题一指数平滑，非低销量组合使用综合Ridge
2022-04-03,276,A地双桥路店,11002561,乡吧哥蜜汁鸡翅,包装散称,阴,1,1,0,0.32597375512041915,hybrid_low_q1_regular_ridge,低销量指数平滑-常规Ridge混合,very_sparse,1,天气、温度、风力、活动日为历史同月日参考；节假日按2022清明日历设定；低销量组合使用问题一指数平滑，非低销量组合使用综合Ridge
2022-04-03,276,A地双桥路店,11002605,老板仔香脆海苔卷（原味）,包装海苔,阴,1,1,0,0.10321785142313557,hybrid_low_q1_regular_ridge,低销量指数平滑-常规Ridge混合,very_sparse,1,天气、温度、风力、活动日为历史同月日参考；节假日按2022清明日历设定；低销量组合使用问题一指数平滑，非低销量组合使用综合Ridge
2022-04-03,276,A地双桥路店,11005780,大丰古法瓜子,包装坚果,阴,1,1,0,0.0,hybrid_low_q1_regular_ridge,低销量指数平滑-常规Ridge混合,very_sparse,1,天气、温度、风力、活动日为历史同月日参考；节假日按2022清明日历设定；低销量组合使用问题一指数平滑，非低销量组合使用综合Ridge
2022-04-03,276,A地双桥路店,11008516,李子柒螺蛳粉335g,速食类,阴,1,1,0,0.0,hybrid_low_q1_regular_ridge,低销量指数平滑-常规Ridge混合,very_sparse,1,天气、温度、风力、活动日为历史同月日参考；节假日按2022清明日历设定；低销量组合使用问题一指数平滑，非低销量组合使用综合Ridge
2022-04-03,276,A地双桥路店,12000134,百事可乐600ml,碳酸饮料,阴,1,1,0,0.43283342937486996,hybrid_low_q1_regular_ridge,低销量指数平滑-常规Ridge混合,very_sparse,1,天气、温度、风力、活动日为历史同月日参考；节假日按2022清明日历设定；低销量组合使用问题一指数平滑，非低销量组合使用综合Ridge
2022-04-03,276,A地双桥路店,12000292,红牛,功能饮料,阴,1,1,0,1.007961605577367,hybrid_low_q1_regular_ridge,低销量指数平滑-常规Ridge混合,very_sparse,1,天气、温度、风力、活动日为历史同月日参考；节假日按2022清明日历设定；低销量组合使用问题一指数平滑，非低销量组合使用综合Ridge
2022-04-03,276,A地双桥路店,12001131,旺仔牛奶,乳类饮品,阴,1,1,0,0.062340724888115366,hybrid_low_q1_regular_ridge,低销量指数平滑-常规Ridge混合,very_sparse,1,天气、温度、风力、活动日为历史同月日参考；节假日按2022清明日历设定；低销量组合使用问题一指数平滑，非低销量组合使用综合Ridge
2022-04-04,14,C地彩虹南路店,11000405,百事可乐330ml,碳酸饮料,多云,1,0,0,2.258477120945575,hybrid_low_q1_regular_ridge,低销量指数平滑-常规Ridge混合,volatile,0,天气、温度、风力、活动日为历史同月日参考；节假日按2022清明日历设定；低销量组合使用问题一指数平滑，非低销量组合使用综合Ridge
2022-04-04,14,C地彩虹南路店,11001020,韩国海牌海苔 / 韩国海飘海苔,包装海苔,多云,1,0,0,0.1563587577919614,hybrid_low_q1_regular_ridge,低销量指数平滑-常规Ridge混合,intermittent,0,天气、温度、风力、活动日为历史同月日参考；节假日按2022清明日历设定；低销量组合使用问题一指数平滑，非低销量组合使用综合Ridge
2022-04-04,14,C地彩虹南路店,11002170,三养辣火鸡味拌面,速食类,多云,1,0,0,0.2656404976078264,hybrid_low_q1_regular_ridge,低销量指数平滑-常规Ridge混合,very_sparse,1,天气、温度、风力、活动日为历史同月日参考；节假日按2022清明日历设定；低销量组合使用问题一指数平滑，非低销量组合使用综合Ridge
2022-04-04,14,C地彩虹南路店,11002561,乡吧哥蜜汁鸡翅,包装散称,多云,1,0,0,4.552856236345725,hybrid_low_q1_regular_ridge,低销量指数平滑-常规Ridge混合,volatile,0,天气、温度、风力、活动日为历史同月日参考；节假日按2022清明日历设定；低销量组合使用问题一指数平滑，非低销量组合使用综合Ridge
2022-04-04,14,C地彩虹南路店,11002605,老板仔香脆海苔卷（原味）,包装海苔,多云,1,0,0,0.0001113827502271514,hybrid_low_q1_regular_ridge,低销量指数平滑-常规Ridge混合,low_volume_intermittent,1,天气、温度、风力、活动日为历史同月日参考；节假日按2022清明日历设定；低销量组合使用问题一指数平滑，非低销量组合使用综合Ridge
2022-04-04,14,C地彩虹南路店,11004973,特仑苏纯牛奶,乳类饮品,多云,1,0,0,0.2213654265245095,hybrid_low_q1_regular_ridge,低销量指数平滑-常规Ridge混合,intermittent,0,天气、温度、风力、活动日为历史同月日参考；节假日按2022清明日历设定；低销量组合使用问题一指数平滑，非低销量组合使用综合Ridge
2022-04-04,14,C地彩虹南路店,11005780,大丰古法瓜子,包装坚果,多云,1,0,0,0.0704506832563103,hybrid_low_q1_regular_ridge,低销量指数平滑-常规Ridge混合,regular,0,天气、温度、风力、活动日为历史同月日参考；节假日按2022清明日历设定；低销量组合使用问题一指数平滑，非低销量组合使用综合Ridge
2022-04-04,14,C地彩虹南路店,11008516,李子柒螺蛳粉335g,速食类,多云,1,0,0,1.7812264202845633,hybrid_low_q1_regular_ridge,低销量指数平滑-常规Ridge混合,low_volume_intermittent,1,天气、温度、风力、活动日为历史同月日参考；节假日按2022清明日历设定；低销量组合使用问题一指数平滑，非低销量组合使用综合Ridge
2022-04-04,14,C地彩虹南路店,11008644,洽洽早餐每日坚果（燕麦片）,包装冲饮,多云,1,0,0,0.0,hybrid_low_q1_regular_ridge,低销量指数平滑-常规Ridge混合,very_sparse,1,天气、温度、风力、活动日为历史同月日参考；节假日按2022清明日历设定；低销量组合使用问题一指数平滑，非低销量组合使用综合Ridge
2022-04-04,14,C地彩虹南路店,12000134,百事可乐600ml,碳酸饮料,多云,1,0,0,1.1726830745011143,hybrid_low_q1_regular_ridge,低销量指数平滑-常规Ridge混合,regular,0,天气、温度、风力、活动日为历史同月日参考；节假日按2022清明日历设定；低销量组合使用问题一指数平滑，非低销量组合使用综合Ridge
2022-04-04,14,C地彩虹南路店,12000292,红牛,功能饮料,多云,1,0,0,5.884660443988765,hybrid_low_q1_regular_ridge,低销量指数平滑-常规Ridge混合,regular,0,天气、温度、风力、活动日为历史同月日参考；节假日按2022清明日历设定；低销量组合使用问题一指数平滑，非低销量组合使用综合Ridge
2022-04-04,14,C地彩虹南路店,12001131,旺仔牛奶,乳类饮品,多云,1,0,0,1.6216104285954036,hybrid_low_q1_regular_ridge,低销量指数平滑-常规Ridge混合,intermittent,0,天气、温度、风力、活动日为历史同月日参考；节假日按2022清明日历设定；低销量组合使用问题一指数平滑，非低销量组合使用综合Ridge
2022-04-04,18,A地天九街店,11000405,百事可乐330ml,碳酸饮料,多云,1,0,0,4.729217363017395,hybrid_low_q1_regular_ridge,低销量指数平滑-常规Ridge混合,intermittent,0,天气、温度、风力、活动日为历史同月日参考；节假日按2022清明日历设定；低销量组合使用问题一指数平滑，非低销量组合使用综合Ridge
2022-04-04,18,A地天九街店,11001020,韩国海牌海苔 / 韩国海飘海苔,包装海苔,多云,1,0,0,1.4063300900071276,hybrid_low_q1_regular_ridge,低销量指数平滑-常规Ridge混合,intermittent,0,天气、温度、风力、活动日为历史同月日参考；节假日按2022清明日历设定；低销量组合使用问题一指数平滑，非低销量组合使用综合Ridge
2022-04-04,18,A地天九街店,11002170,三养辣火鸡味拌面,速食类,多云,1,0,0,0.6837584841239029,hybrid_low_q1_regular_ridge,低销量指数平滑-常规Ridge混合,low_volume_intermittent,1,天气、温度、风力、活动日为历史同月日参考；节假日按2022清明日历设定；低销量组合使用问题一指数平滑，非低销量组合使用综合Ridge
2022-04-04,18,A地天九街店,11002561,乡吧哥蜜汁鸡翅,包装散称,多云,1,0,0,3.87062861911439,hybrid_low_q1_regular_ridge,低销量指数平滑-常规Ridge混合,intermittent,0,天气、温度、风力、活动日为历史同月日参考；节假日按2022清明日历设定；低销量组合使用问题一指数平滑，非低销量组合使用综合Ridge
2022-04-04,18,A地天九街店,11002605,老板仔香脆海苔卷（原味）,包装海苔,多云,1,0,0,0.6106191011840001,hybrid_low_q1_regular_ridge,低销量指数平滑-常规Ridge混合,very_sparse,1,天气、温度、风力、活动日为历史同月日参考；节假日按2022清明日历设定；低销量组合使用问题一指数平滑，非低销量组合使用综合Ridge
2022-04-04,18,A地天九街店,11005780,大丰古法瓜子,包装坚果,多云,1,0,0,1.437372311944273,hybrid_low_q1_regular_ridge,低销量指数平滑-常规Ridge混合,intermittent,0,天气、温度、风力、活动日为历史同月日参考；节假日按2022清明日历设定；低销量组合使用问题一指数平滑，非低销量组合使用综合Ridge
2022-04-04,18,A地天九街店,11008516,李子柒螺蛳粉335g,速食类,多云,1,0,0,2.327877117427516e-05,hybrid_low_q1_regular_ridge,低销量指数平滑-常规Ridge混合,very_sparse,1,天气、温度、风力、活动日为历史同月日参考；节假日按2022清明日历设定；低销量组合使用问题一指数平滑，非低销量组合使用综合Ridge
2022-04-04,18,A地天九街店,12000134,百事可乐600ml,碳酸饮料,多云,1,0,0,2.893682006682867,hybrid_low_q1_regular_ridge,低销量指数平滑-常规Ridge混合,intermittent,0,天气、温度、风力、活动日为历史同月日参考；节假日按2022清明日历设定；低销量组合使用问题一指数平滑，非低销量组合使用综合Ridge
2022-04-04,18,A地天九街店,12000292,红牛,功能饮料,多云,1,0,0,14.27302505418335,hybrid_low_q1_regular_ridge,低销量指数平滑-常规Ridge混合,intermittent,0,天气、温度、风力、活动日为历史同月日参考；节假日按2022清明日历设定；低销量组合使用问题一指数平滑，非低销量组合使用综合Ridge
2022-04-04,18,A地天九街店,12001131,旺仔牛奶,乳类饮品,多云,1,0,0,1.817000087543476,hybrid_low_q1_regular_ridge,低销量指数平滑-常规Ridge混合,intermittent,0,天气、温度、风力、活动日为历史同月日参考；节假日按2022清明日历设定；低销量组合使用问题一指数平滑，非低销量组合使用综合Ridge
2022-04-04,23,C地姜山店,11000405,百事可乐330ml,碳酸饮料,多云,1,0,0,1.3090663165417162,hybrid_low_q1_regular_ridge,低销量指数平滑-常规Ridge混合,intermittent,0,天气、温度、风力、活动日为历史同月日参考；节假日按2022清明日历设定；低销量组合使用问题一指数平滑，非低销量组合使用综合Ridge
2022-04-04,23,C地姜山店,11001020,韩国海牌海苔 / 韩国海飘海苔,包装海苔,多云,1,0,0,0.2818942532098298,hybrid_low_q1_regular_ridge,低销量指数平滑-常规Ridge混合,regular,0,天气、温度、风力、活动日为历史同月日参考；节假日按2022清明日历设定；低销量组合使用问题一指数平滑，非低销量组合使用综合Ridge
2022-04-04,23,C地姜山店,11002170,三养辣火鸡味拌面,速食类,多云,1,0,0,1.305728395949643,hybrid_low_q1_regular_ridge,低销量指数平滑-常规Ridge混合,low_volume_intermittent,1,天气、温度、风力、活动日为历史同月日参考；节假日按2022清明日历设定；低销量组合使用问题一指数平滑，非低销量组合使用综合Ridge
2022-04-04,23,C地姜山店,11002561,乡吧哥蜜汁鸡翅,包装散称,多云,1,0,0,14.148042642971925,hybrid_low_q1_regular_ridge,低销量指数平滑-常规Ridge混合,volatile,0,天气、温度、风力、活动日为历史同月日参考；节假日按2022清明日历设定；低销量组合使用问题一指数平滑，非低销量组合使用综合Ridge
2022-04-04,23,C地姜山店,11002605,老板仔香脆海苔卷（原味）,包装海苔,多云,1,0,0,0.1299656975831487,hybrid_low_q1_regular_ridge,低销量指数平滑-常规Ridge混合,intermittent,0,天气、温度、风力、活动日为历史同月日参考；节假日按2022清明日历设定；低销量组合使用问题一指数平滑，非低销量组合使用综合Ridge
2022-04-04,23,C地姜山店,11004973,特仑苏纯牛奶,乳类饮品,多云,1,0,0,0.0005453125873052109,hybrid_low_q1_regular_ridge,低销量指数平滑-常规Ridge混合,very_sparse,1,天气、温度、风力、活动日为历史同月日参考；节假日按2022清明日历设定；低销量组合使用问题一指数平滑，非低销量组合使用综合Ridge
2022-04-04,23,C地姜山店,11005780,大丰古法瓜子,包装坚果,多云,1,0,0,0.4729664959055961,hybrid_low_q1_regular_ridge,低销量指数平滑-常规Ridge混合,regular,0,天气、温度、风力、活动日为历史同月日参考；节假日按2022清明日历设定；低销量组合使用问题一指数平滑，非低销量组合使用综合Ridge
2022-04-04,23,C地姜山店,11008516,李子柒螺蛳粉335g,速食类,多云,1,0,0,0.8092642919693611,hybrid_low_q1_regular_ridge,低销量指数平滑-常规Ridge混合,intermittent,0,天气、温度、风力、活动日为历史同月日参考；节假日按2022清明日历设定；低销量组合使用问题一指数平滑，非低销量组合使用综合Ridge
2022-04-04,23,C地姜山店,12000134,百事可乐600ml,碳酸饮料,多云,1,0,0,1.1540466536736194,hybrid_low_q1_regular_ridge,低销量指数平滑-常规Ridge混合,regular,0,天气、温度、风力、活动日为历史同月日参考；节假日按2022清明日历设定；低销量组合使用问题一指数平滑，非低销量组合使用综合Ridge
2022-04-04,23,C地姜山店,12000292,红牛,功能饮料,多云,1,0,0,3.396655876329948,hybrid_low_q1_regular_ridge,低销量指数平滑-常规Ridge混合,regular,0,天气、温度、风力、活动日为历史同月日参考；节假日按2022清明日历设定；低销量组合使用问题一指数平滑，非低销量组合使用综合Ridge
2022-04-04,23,C地姜山店,12001131,旺仔牛奶,乳类饮品,多云,1,0,0,0.7271666893133194,hybrid_low_q1_regular_ridge,低销量指数平滑-常规Ridge混合,intermittent,0,天气、温度、风力、活动日为历史同月日参考；节假日按2022清明日历设定；低销量组合使用问题一指数平滑，非低销量组合使用综合Ridge
2022-04-04,47,C地桑田路店,11000405,百事可乐330ml,碳酸饮料,多云,1,0,0,1.540472089965037,hybrid_low_q1_regular_ridge,低销量指数平滑-常规Ridge混合,volatile,0,天气、温度、风力、活动日为历史同月日参考；节假日按2022清明日历设定；低销量组合使用问题一指数平滑，非低销量组合使用综合Ridge
2022-04-04,47,C地桑田路店,11001020,韩国海牌海苔 / 韩国海飘海苔,包装海苔,多云,1,0,0,1.8910094446135293,hybrid_low_q1_regular_ridge,低销量指数平滑-常规Ridge混合,volatile,0,天气、温度、风力、活动日为历史同月日参考；节假日按2022清明日历设定；低销量组合使用问题一指数平滑，非低销量组合使用综合Ridge
2022-04-04,47,C地桑田路店,11002170,三养辣火鸡味拌面,速食类,多云,1,0,0,0.5434370582394912,hybrid_low_q1_regular_ridge,低销量指数平滑-常规Ridge混合,low_volume_intermittent,1,天气、温度、风力、活动日为历史同月日参考；节假日按2022清明日历设定；低销量组合使用问题一指数平滑，非低销量组合使用综合Ridge
2022-04-04,47,C地桑田路店,11002561,乡吧哥蜜汁鸡翅,包装散称,多云,1,0,0,5.580960348182082,hybrid_low_q1_regular_ridge,低销量指数平滑-常规Ridge混合,regular,0,天气、温度、风力、活动日为历史同月日参考；节假日按2022清明日历设定；低销量组合使用问题一指数平滑，非低销量组合使用综合Ridge
2022-04-04,47,C地桑田路店,11002605,老板仔香脆海苔卷（原味）,包装海苔,多云,1,0,0,0.7326348611305529,hybrid_low_q1_regular_ridge,低销量指数平滑-常规Ridge混合,intermittent,0,天气、温度、风力、活动日为历史同月日参考；节假日按2022清明日历设定；低销量组合使用问题一指数平滑，非低销量组合使用综合Ridge
2022-04-04,47,C地桑田路店,11005780,大丰古法瓜子,包装坚果,多云,1,0,0,1.0027079777322172,hybrid_low_q1_regular_ridge,低销量指数平滑-常规Ridge混合,intermittent,0,天气、温度、风力、活动日为历史同月日参考；节假日按2022清明日历设定；低销量组合使用问题一指数平滑，非低销量组合使用综合Ridge
2022-04-04,47,C地桑田路店,11008516,李子柒螺蛳粉335g,速食类,多云,1,0,0,0.7740705311591362,hybrid_low_q1_regular_ridge,低销量指数平滑-常规Ridge混合,low_volume_intermittent,1,天气、温度、风力、活动日为历史同月日参考；节假日按2022清明日历设定；低销量组合使用问题一指数平滑，非低销量组合使用综合Ridge
2022-04-04,47,C地桑田路店,11008644,洽洽早餐每日坚果（燕麦片）,包装冲饮,多云,1,0,0,0.0,hybrid_low_q1_regular_ridge,低销量指数平滑-常规Ridge混合,very_sparse,1,天气、温度、风力、活动日为历史同月日参考；节假日按2022清明日历设定；低销量组合使用问题一指数平滑，非低销量组合使用综合Ridge
2022-04-04,47,C地桑田路店,12000134,百事可乐600ml,碳酸饮料,多云,1,0,0,2.234368463878184,hybrid_low_q1_regular_ridge,低销量指数平滑-常规Ridge混合,regular,0,天气、温度、风力、活动日为历史同月日参考；节假日按2022清明日历设定；低销量组合使用问题一指数平滑，非低销量组合使用综合Ridge
2022-04-04,47,C地桑田路店,12000292,红牛,功能饮料,多云,1,0,0,2.965630706374876,hybrid_low_q1_regular_ridge,低销量指数平滑-常规Ridge混合,volatile,0,天气、温度、风力、活动日为历史同月日参考；节假日按2022清明日历设定；低销量组合使用问题一指数平滑，非低销量组合使用综合Ridge
2022-04-04,47,C地桑田路店,12001131,旺仔牛奶,乳类饮品,多云,1,0,0,1.157090210465147,hybrid_low_q1_regular_ridge,低销量指数平滑-常规Ridge混合,intermittent,0,天气、温度、风力、活动日为历史同月日参考；节假日按2022清明日历设定；低销量组合使用问题一指数平滑，非低销量组合使用综合Ridge
2022-04-04,69,B地江山店店,11000405,百事可乐330ml,碳酸饮料,多云,1,0,0,2.9410291798324666,hybrid_low_q1_regular_ridge,低销量指数平滑-常规Ridge混合,regular,0,天气、温度、风力、活动日为历史同月日参考；节假日按2022清明日历设定；低销量组合使用问题一指数平滑，非低销量组合使用综合Ridge
2022-04-04,69,B地江山店店,11001020,韩国海牌海苔 / 韩国海飘海苔,包装海苔,多云,1,0,0,1.0078504356996056,hybrid_low_q1_regular_ridge,低销量指数平滑-常规Ridge混合,intermittent,0,天气、温度、风力、活动日为历史同月日参考；节假日按2022清明日历设定；低销量组合使用问题一指数平滑，非低销量组合使用综合Ridge
2022-04-04,69,B地江山店店,11002170,三养辣火鸡味拌面,速食类,多云,1,0,0,0.5239870553017352,hybrid_low_q1_regular_ridge,低销量指数平滑-常规Ridge混合,low_volume_intermittent,1,天气、温度、风力、活动日为历史同月日参考；节假日按2022清明日历设定；低销量组合使用问题一指数平滑，非低销量组合使用综合Ridge
2022-04-04,69,B地江山店店,11002561,乡吧哥蜜汁鸡翅,包装散称,多云,1,0,0,23.70930878254107,hybrid_low_q1_regular_ridge,低销量指数平滑-常规Ridge混合,volatile,0,天气、温度、风力、活动日为历史同月日参考；节假日按2022清明日历设定；低销量组合使用问题一指数平滑，非低销量组合使用综合Ridge
2022-04-04,69,B地江山店店,11002605,老板仔香脆海苔卷（原味）,包装海苔,多云,1,0,0,0.4331193868320335,hybrid_low_q1_regular_ridge,低销量指数平滑-常规Ridge混合,intermittent,0,天气、温度、风力、活动日为历史同月日参考；节假日按2022清明日历设定；低销量组合使用问题一指数平滑，非低销量组合使用综合Ridge
2022-04-04,69,B地江山店店,11005780,大丰古法瓜子,包装坚果,多云,1,0,0,1.962973292650099,hybrid_low_q1_regular_ridge,低销量指数平滑-常规Ridge混合,regular,0,天气、温度、风力、活动日为历史同月日参考；节假日按2022清明日历设定；低销量组合使用问题一指数平滑，非低销量组合使用综合Ridge
2022-04-04,69,B地江山店店,11008516,李子柒螺蛳粉335g,速食类,多云,1,0,0,1.47869090680361,hybrid_low_q1_regular_ridge,低销量指数平滑-常规Ridge混合,intermittent,0,天气、温度、风力、活动日为历史同月日参考；节假日按2022清明日历设定；低销量组合使用问题一指数平滑，非低销量组合使用综合Ridge
2022-04-04,69,B地江山店店,11008644,洽洽早餐每日坚果（燕麦片）,包装冲饮,多云,1,0,0,0.0,hybrid_low_q1_regular_ridge,低销量指数平滑-常规Ridge混合,very_sparse,1,天气、温度、风力、活动日为历史同月日参考；节假日按2022清明日历设定；低销量组合使用问题一指数平滑，非低销量组合使用综合Ridge
2022-04-04,69,B地江山店店,12000134,百事可乐600ml,碳酸饮料,多云,1,0,0,4.81145445925422,hybrid_low_q1_regular_ridge,低销量指数平滑-常规Ridge混合,regular,0,天气、温度、风力、活动日为历史同月日参考；节假日按2022清明日历设定；低销量组合使用问题一指数平滑，非低销量组合使用综合Ridge
2022-04-04,69,B地江山店店,12000292,红牛,功能饮料,多云,1,0,0,6.102560740434046,hybrid_low_q1_regular_ridge,低销量指数平滑-常规Ridge混合,volatile,0,天气、温度、风力、活动日为历史同月日参考；节假日按2022清明日历设定；低销量组合使用问题一指数平滑，非低销量组合使用综合Ridge
2022-04-04,69,B地江山店店,12001131,旺仔牛奶,乳类饮品,多云,1,0,0,1.762683990244977,hybrid_low_q1_regular_ridge,低销量指数平滑-常规Ridge混合,volatile,0,天气、温度、风力、活动日为历史同月日参考；节假日按2022清明日历设定；低销量组合使用问题一指数平滑，非低销量组合使用综合Ridge
2022-04-04,178,C地五乡镇店,11000405,百事可乐330ml,碳酸饮料,多云,1,0,0,4.640000015470197,hybrid_low_q1_regular_ridge,低销量指数平滑-常规Ridge混合,low_volume_intermittent,1,天气、温度、风力、活动日为历史同月日参考；节假日按2022清明日历设定；低销量组合使用问题一指数平滑，非低销量组合使用综合Ridge
2022-04-04,178,C地五乡镇店,11001020,韩国海牌海苔 / 韩国海飘海苔,包装海苔,多云,1,0,0,0.9695218698565148,hybrid_low_q1_regular_ridge,低销量指数平滑-常规Ridge混合,intermittent,0,天气、温度、风力、活动日为历史同月日参考；节假日按2022清明日历设定；低销量组合使用问题一指数平滑，非低销量组合使用综合Ridge
2022-04-04,178,C地五乡镇店,11002170,三养辣火鸡味拌面,速食类,多云,1,0,0,0.9808611408095446,hybrid_low_q1_regular_ridge,低销量指数平滑-常规Ridge混合,intermittent,0,天气、温度、风力、活动日为历史同月日参考；节假日按2022清明日历设定；低销量组合使用问题一指数平滑，非低销量组合使用综合Ridge
2022-04-04,178,C地五乡镇店,11002561,乡吧哥蜜汁鸡翅,包装散称,多云,1,0,0,8.379047198188843,hybrid_low_q1_regular_ridge,低销量指数平滑-常规Ridge混合,intermittent,0,天气、温度、风力、活动日为历史同月日参考；节假日按2022清明日历设定；低销量组合使用问题一指数平滑，非低销量组合使用综合Ridge
2022-04-04,178,C地五乡镇店,11002605,老板仔香脆海苔卷（原味）,包装海苔,多云,1,0,0,0.0,hybrid_low_q1_regular_ridge,低销量指数平滑-常规Ridge混合,very_sparse,1,天气、温度、风力、活动日为历史同月日参考；节假日按2022清明日历设定；低销量组合使用问题一指数平滑，非低销量组合使用综合Ridge
2022-04-04,178,C地五乡镇店,11004973,特仑苏纯牛奶,乳类饮品,多云,1,0,0,0.3008152635344523,hybrid_low_q1_regular_ridge,低销量指数平滑-常规Ridge混合,very_sparse,1,天气、温度、风力、活动日为历史同月日参考；节假日按2022清明日历设定；低销量组合使用问题一指数平滑，非低销量组合使用综合Ridge
2022-04-04,178,C地五乡镇店,11005780,大丰古法瓜子,包装坚果,多云,1,0,0,0.8730901937474458,hybrid_low_q1_regular_ridge,低销量指数平滑-常规Ridge混合,low_volume_intermittent,1,天气、温度、风力、活动日为历史同月日参考；节假日按2022清明日历设定；低销量组合使用问题一指数平滑，非低销量组合使用综合Ridge
2022-04-04,178,C地五乡镇店,11008516,李子柒螺蛳粉335g,速食类,多云,1,0,0,2.2777935848335087,hybrid_low_q1_regular_ridge,低销量指数平滑-常规Ridge混合,intermittent,0,天气、温度、风力、活动日为历史同月日参考；节假日按2022清明日历设定；低销量组合使用问题一指数平滑，非低销量组合使用综合Ridge
2022-04-04,178,C地五乡镇店,12000134,百事可乐600ml,碳酸饮料,多云,1,0,0,2.34098909996193,hybrid_low_q1_regular_ridge,低销量指数平滑-常规Ridge混合,intermittent,0,天气、温度、风力、活动日为历史同月日参考；节假日按2022清明日历设定；低销量组合使用问题一指数平滑，非低销量组合使用综合Ridge
2022-04-04,178,C地五乡镇店,12000292,红牛,功能饮料,多云,1,0,0,16.80662929857311,hybrid_low_q1_regular_ridge,低销量指数平滑-常规Ridge混合,volatile,0,天气、温度、风力、活动日为历史同月日参考；节假日按2022清明日历设定；低销量组合使用问题一指数平滑，非低销量组合使用综合Ridge
2022-04-04,178,C地五乡镇店,12001131,旺仔牛奶,乳类饮品,多云,1,0,0,3.718546859540441,hybrid_low_q1_regular_ridge,低销量指数平滑-常规Ridge混合,intermittent,0,天气、温度、风力、活动日为历史同月日参考；节假日按2022清明日历设定；低销量组合使用问题一指数平滑，非低销量组合使用综合Ridge
2022-04-04,276,A地双桥路店,11000405,百事可乐330ml,碳酸饮料,多云,1,0,0,0.2689054531264976,hybrid_low_q1_regular_ridge,低销量指数平滑-常规Ridge混合,very_sparse,1,天气、温度、风力、活动日为历史同月日参考；节假日按2022清明日历设定；低销量组合使用问题一指数平滑，非低销量组合使用综合Ridge
2022-04-04,276,A地双桥路店,11001020,韩国海牌海苔 / 韩国海飘海苔,包装海苔,多云,1,0,0,0.07778432375348415,hybrid_low_q1_regular_ridge,低销量指数平滑-常规Ridge混合,very_sparse,1,天气、温度、风力、活动日为历史同月日参考；节假日按2022清明日历设定；低销量组合使用问题一指数平滑，非低销量组合使用综合Ridge
2022-04-04,276,A地双桥路店,11002170,三养辣火鸡味拌面,速食类,多云,1,0,0,0.13194093933423176,hybrid_low_q1_regular_ridge,低销量指数平滑-常规Ridge混合,very_sparse,1,天气、温度、风力、活动日为历史同月日参考；节假日按2022清明日历设定；低销量组合使用问题一指数平滑，非低销量组合使用综合Ridge
2022-04-04,276,A地双桥路店,11002561,乡吧哥蜜汁鸡翅,包装散称,多云,1,0,0,0.32597375512041915,hybrid_low_q1_regular_ridge,低销量指数平滑-常规Ridge混合,very_sparse,1,天气、温度、风力、活动日为历史同月日参考；节假日按2022清明日历设定；低销量组合使用问题一指数平滑，非低销量组合使用综合Ridge
2022-04-04,276,A地双桥路店,11002605,老板仔香脆海苔卷（原味）,包装海苔,多云,1,0,0,0.10321785142313557,hybrid_low_q1_regular_ridge,低销量指数平滑-常规Ridge混合,very_sparse,1,天气、温度、风力、活动日为历史同月日参考；节假日按2022清明日历设定；低销量组合使用问题一指数平滑，非低销量组合使用综合Ridge
2022-04-04,276,A地双桥路店,11005780,大丰古法瓜子,包装坚果,多云,1,0,0,0.0,hybrid_low_q1_regular_ridge,低销量指数平滑-常规Ridge混合,very_sparse,1,天气、温度、风力、活动日为历史同月日参考；节假日按2022清明日历设定；低销量组合使用问题一指数平滑，非低销量组合使用综合Ridge
2022-04-04,276,A地双桥路店,11008516,李子柒螺蛳粉335g,速食类,多云,1,0,0,0.0,hybrid_low_q1_regular_ridge,低销量指数平滑-常规Ridge混合,very_sparse,1,天气、温度、风力、活动日为历史同月日参考；节假日按2022清明日历设定；低销量组合使用问题一指数平滑，非低销量组合使用综合Ridge
2022-04-04,276,A地双桥路店,12000134,百事可乐600ml,碳酸饮料,多云,1,0,0,0.43283342937486996,hybrid_low_q1_regular_ridge,低销量指数平滑-常规Ridge混合,very_sparse,1,天气、温度、风力、活动日为历史同月日参考；节假日按2022清明日历设定；低销量组合使用问题一指数平滑，非低销量组合使用综合Ridge
2022-04-04,276,A地双桥路店,12000292,红牛,功能饮料,多云,1,0,0,1.007961605577367,hybrid_low_q1_regular_ridge,低销量指数平滑-常规Ridge混合,very_sparse,1,天气、温度、风力、活动日为历史同月日参考；节假日按2022清明日历设定；低销量组合使用问题一指数平滑，非低销量组合使用综合Ridge
2022-04-04,276,A地双桥路店,12001131,旺仔牛奶,乳类饮品,多云,1,0,0,0.062340724888115366,hybrid_low_q1_regular_ridge,低销量指数平滑-常规Ridge混合,very_sparse,1,天气、温度、风力、活动日为历史同月日参考；节假日按2022清明日历设定；低销量组合使用问题一指数平滑，非低销量组合使用综合Ridge
2022-04-05,14,C地彩虹南路店,11000405,百事可乐330ml,碳酸饮料,晴,1,0,0,2.5919319198949164,hybrid_low_q1_regular_ridge,低销量指数平滑-常规Ridge混合,volatile,0,天气、温度、风力、活动日为历史同月日参考；节假日按2022清明日历设定；低销量组合使用问题一指数平滑，非低销量组合使用综合Ridge
2022-04-05,14,C地彩虹南路店,11001020,韩国海牌海苔 / 韩国海飘海苔,包装海苔,晴,1,0,0,0.461780139433672,hybrid_low_q1_regular_ridge,低销量指数平滑-常规Ridge混合,intermittent,0,天气、温度、风力、活动日为历史同月日参考；节假日按2022清明日历设定；低销量组合使用问题一指数平滑，非低销量组合使用综合Ridge
2022-04-05,14,C地彩虹南路店,11002170,三养辣火鸡味拌面,速食类,晴,1,0,0,0.2656404976078264,hybrid_low_q1_regular_ridge,低销量指数平滑-常规Ridge混合,very_sparse,1,天气、温度、风力、活动日为历史同月日参考；节假日按2022清明日历设定；低销量组合使用问题一指数平滑，非低销量组合使用综合Ridge
2022-04-05,14,C地彩虹南路店,11002561,乡吧哥蜜汁鸡翅,包装散称,晴,1,0,0,5.096207491758688,hybrid_low_q1_regular_ridge,低销量指数平滑-常规Ridge混合,volatile,0,天气、温度、风力、活动日为历史同月日参考；节假日按2022清明日历设定；低销量组合使用问题一指数平滑，非低销量组合使用综合Ridge
2022-04-05,14,C地彩虹南路店,11002605,老板仔香脆海苔卷（原味）,包装海苔,晴,1,0,0,0.0001113827502271514,hybrid_low_q1_regular_ridge,低销量指数平滑-常规Ridge混合,low_volume_intermittent,1,天气、温度、风力、活动日为历史同月日参考；节假日按2022清明日历设定；低销量组合使用问题一指数平滑，非低销量组合使用综合Ridge
2022-04-05,14,C地彩虹南路店,11004973,特仑苏纯牛奶,乳类饮品,晴,1,0,0,0.3615831277150965,hybrid_low_q1_regular_ridge,低销量指数平滑-常规Ridge混合,intermittent,0,天气、温度、风力、活动日为历史同月日参考；节假日按2022清明日历设定；低销量组合使用问题一指数平滑，非低销量组合使用综合Ridge
2022-04-05,14,C地彩虹南路店,11005780,大丰古法瓜子,包装坚果,晴,1,0,0,0.3628418278346841,hybrid_low_q1_regular_ridge,低销量指数平滑-常规Ridge混合,regular,0,天气、温度、风力、活动日为历史同月日参考；节假日按2022清明日历设定；低销量组合使用问题一指数平滑，非低销量组合使用综合Ridge
2022-04-05,14,C地彩虹南路店,11008516,李子柒螺蛳粉335g,速食类,晴,1,0,0,1.7812264202845633,hybrid_low_q1_regular_ridge,低销量指数平滑-常规Ridge混合,low_volume_intermittent,1,天气、温度、风力、活动日为历史同月日参考；节假日按2022清明日历设定；低销量组合使用问题一指数平滑，非低销量组合使用综合Ridge
2022-04-05,14,C地彩虹南路店,11008644,洽洽早餐每日坚果（燕麦片）,包装冲饮,晴,1,0,0,0.0,hybrid_low_q1_regular_ridge,低销量指数平滑-常规Ridge混合,very_sparse,1,天气、温度、风力、活动日为历史同月日参考；节假日按2022清明日历设定；低销量组合使用问题一指数平滑，非低销量组合使用综合Ridge
2022-04-05,14,C地彩虹南路店,12000134,百事可乐600ml,碳酸饮料,晴,1,0,0,1.481244796858404,hybrid_low_q1_regular_ridge,低销量指数平滑-常规Ridge混合,regular,0,天气、温度、风力、活动日为历史同月日参考；节假日按2022清明日历设定；低销量组合使用问题一指数平滑，非低销量组合使用综合Ridge
2022-04-05,14,C地彩虹南路店,12000292,红牛,功能饮料,晴,1,0,0,6.40783266891761,hybrid_low_q1_regular_ridge,低销量指数平滑-常规Ridge混合,regular,0,天气、温度、风力、活动日为历史同月日参考；节假日按2022清明日历设定；低销量组合使用问题一指数平滑，非低销量组合使用综合Ridge
2022-04-05,14,C地彩虹南路店,12001131,旺仔牛奶,乳类饮品,晴,1,0,0,2.1588239301762093,hybrid_low_q1_regular_ridge,低销量指数平滑-常规Ridge混合,intermittent,0,天气、温度、风力、活动日为历史同月日参考；节假日按2022清明日历设定；低销量组合使用问题一指数平滑，非低销量组合使用综合Ridge
2022-04-05,18,A地天九街店,11000405,百事可乐330ml,碳酸饮料,晴,1,0,0,4.2675740099597705,hybrid_low_q1_regular_ridge,低销量指数平滑-常规Ridge混合,intermittent,0,天气、温度、风力、活动日为历史同月日参考；节假日按2022清明日历设定；低销量组合使用问题一指数平滑，非低销量组合使用综合Ridge
2022-04-05,18,A地天九街店,11001020,韩国海牌海苔 / 韩国海飘海苔,包装海苔,晴,1,0,0,1.9124397845905992,hybrid_low_q1_regular_ridge,低销量指数平滑-常规Ridge混合,intermittent,0,天气、温度、风力、活动日为历史同月日参考；节假日按2022清明日历设定；低销量组合使用问题一指数平滑，非低销量组合使用综合Ridge
2022-04-05,18,A地天九街店,11002170,三养辣火鸡味拌面,速食类,晴,1,0,0,0.6837584841239029,hybrid_low_q1_regular_ridge,低销量指数平滑-常规Ridge混合,low_volume_intermittent,1,天气、温度、风力、活动日为历史同月日参考；节假日按2022清明日历设定；低销量组合使用问题一指数平滑，非低销量组合使用综合Ridge
2022-04-05,18,A地天九街店,11002561,乡吧哥蜜汁鸡翅,包装散称,晴,1,0,0,3.927255636546053,hybrid_low_q1_regular_ridge,低销量指数平滑-常规Ridge混合,intermittent,0,天气、温度、风力、活动日为历史同月日参考；节假日按2022清明日历设定；低销量组合使用问题一指数平滑，非低销量组合使用综合Ridge
2022-04-05,18,A地天九街店,11002605,老板仔香脆海苔卷（原味）,包装海苔,晴,1,0,0,0.6106191011840001,hybrid_low_q1_regular_ridge,低销量指数平滑-常规Ridge混合,very_sparse,1,天气、温度、风力、活动日为历史同月日参考；节假日按2022清明日历设定；低销量组合使用问题一指数平滑，非低销量组合使用综合Ridge
2022-04-05,18,A地天九街店,11005780,大丰古法瓜子,包装坚果,晴,1,0,0,1.922771126618004,hybrid_low_q1_regular_ridge,低销量指数平滑-常规Ridge混合,intermittent,0,天气、温度、风力、活动日为历史同月日参考；节假日按2022清明日历设定；低销量组合使用问题一指数平滑，非低销量组合使用综合Ridge
2022-04-05,18,A地天九街店,11008516,李子柒螺蛳粉335g,速食类,晴,1,0,0,2.327877117427516e-05,hybrid_low_q1_regular_ridge,低销量指数平滑-常规Ridge混合,very_sparse,1,天气、温度、风力、活动日为历史同月日参考；节假日按2022清明日历设定；低销量组合使用问题一指数平滑，非低销量组合使用综合Ridge
2022-04-05,18,A地天九街店,12000134,百事可乐600ml,碳酸饮料,晴,1,0,0,3.505678040877585,hybrid_low_q1_regular_ridge,低销量指数平滑-常规Ridge混合,intermittent,0,天气、温度、风力、活动日为历史同月日参考；节假日按2022清明日历设定；低销量组合使用问题一指数平滑，非低销量组合使用综合Ridge
2022-04-05,18,A地天九街店,12000292,红牛,功能饮料,晴,1,0,0,14.597127080955062,hybrid_low_q1_regular_ridge,低销量指数平滑-常规Ridge混合,intermittent,0,天气、温度、风力、活动日为历史同月日参考；节假日按2022清明日历设定；低销量组合使用问题一指数平滑，非低销量组合使用综合Ridge
2022-04-05,18,A地天九街店,12001131,旺仔牛奶,乳类饮品,晴,1,0,0,2.3849283052360404,hybrid_low_q1_regular_ridge,低销量指数平滑-常规Ridge混合,intermittent,0,天气、温度、风力、活动日为历史同月日参考；节假日按2022清明日历设定；低销量组合使用问题一指数平滑，非低销量组合使用综合Ridge
2022-04-05,23,C地姜山店,11000405,百事可乐330ml,碳酸饮料,晴,1,0,0,1.8136193675616057,hybrid_low_q1_regular_ridge,低销量指数平滑-常规Ridge混合,intermittent,0,天气、温度、风力、活动日为历史同月日参考；节假日按2022清明日历设定；低销量组合使用问题一指数平滑，非低销量组合使用综合Ridge
2022-04-05,23,C地姜山店,11001020,韩国海牌海苔 / 韩国海飘海苔,包装海苔,晴,1,0,0,0.5916573916765513,hybrid_low_q1_regular_ridge,低销量指数平滑-常规Ridge混合,regular,0,天气、温度、风力、活动日为历史同月日参考；节假日按2022清明日历设定；低销量组合使用问题一指数平滑，非低销量组合使用综合Ridge
2022-04-05,23,C地姜山店,11002170,三养辣火鸡味拌面,速食类,晴,1,0,0,1.305728395949643,hybrid_low_q1_regular_ridge,低销量指数平滑-常规Ridge混合,low_volume_intermittent,1,天气、温度、风力、活动日为历史同月日参考；节假日按2022清明日历设定；低销量组合使用问题一指数平滑，非低销量组合使用综合Ridge
2022-04-05,23,C地姜山店,11002561,乡吧哥蜜汁鸡翅,包装散称,晴,1,0,0,14.596863633377833,hybrid_low_q1_regular_ridge,低销量指数平滑-常规Ridge混合,volatile,0,天气、温度、风力、活动日为历史同月日参考；节假日按2022清明日历设定；低销量组合使用问题一指数平滑，非低销量组合使用综合Ridge
2022-04-05,23,C地姜山店,11002605,老板仔香脆海苔卷（原味）,包装海苔,晴,1,0,0,0.4299801680465733,hybrid_low_q1_regular_ridge,低销量指数平滑-常规Ridge混合,intermittent,0,天气、温度、风力、活动日为历史同月日参考；节假日按2022清明日历设定；低销量组合使用问题一指数平滑，非低销量组合使用综合Ridge
2022-04-05,23,C地姜山店,11004973,特仑苏纯牛奶,乳类饮品,晴,1,0,0,0.0005453125873052109,hybrid_low_q1_regular_ridge,低销量指数平滑-常规Ridge混合,very_sparse,1,天气、温度、风力、活动日为历史同月日参考；节假日按2022清明日历设定；低销量组合使用问题一指数平滑，非低销量组合使用综合Ridge
2022-04-05,23,C地姜山店,11005780,大丰古法瓜子,包装坚果,晴,1,0,0,0.8334933397175022,hybrid_low_q1_regular_ridge,低销量指数平滑-常规Ridge混合,regular,0,天气、温度、风力、活动日为历史同月日参考；节假日按2022清明日历设定；低销量组合使用问题一指数平滑，非低销量组合使用综合Ridge
2022-04-05,23,C地姜山店,11008516,李子柒螺蛳粉335g,速食类,晴,1,0,0,0.957833053992191,hybrid_low_q1_regular_ridge,低销量指数平滑-常规Ridge混合,intermittent,0,天气、温度、风力、活动日为历史同月日参考；节假日按2022清明日历设定；低销量组合使用问题一指数平滑，非低销量组合使用综合Ridge
2022-04-05,23,C地姜山店,12000134,百事可乐600ml,碳酸饮料,晴,1,0,0,1.455359996512736,hybrid_low_q1_regular_ridge,低销量指数平滑-常规Ridge混合,regular,0,天气、温度、风力、活动日为历史同月日参考；节假日按2022清明日历设定；低销量组合使用问题一指数平滑，非低销量组合使用综合Ridge
2022-04-05,23,C地姜山店,12000292,红牛,功能饮料,晴,1,0,0,3.996156807482097,hybrid_low_q1_regular_ridge,低销量指数平滑-常规Ridge混合,regular,0,天气、温度、风力、活动日为历史同月日参考；节假日按2022清明日历设定；低销量组合使用问题一指数平滑，非低销量组合使用综合Ridge
2022-04-05,23,C地姜山店,12001131,旺仔牛奶,乳类饮品,晴,1,0,0,1.132682948584895,hybrid_low_q1_regular_ridge,低销量指数平滑-常规Ridge混合,intermittent,0,天气、温度、风力、活动日为历史同月日参考；节假日按2022清明日历设定；低销量组合使用问题一指数平滑，非低销量组合使用综合Ridge
2022-04-05,47,C地桑田路店,11000405,百事可乐330ml,碳酸饮料,晴,1,0,0,1.8860287181705455,hybrid_low_q1_regular_ridge,低销量指数平滑-常规Ridge混合,volatile,0,天气、温度、风力、活动日为历史同月日参考；节假日按2022清明日历设定；低销量组合使用问题一指数平滑，非低销量组合使用综合Ridge
2022-04-05,47,C地桑田路店,11001020,韩国海牌海苔 / 韩国海飘海苔,包装海苔,晴,1,0,0,2.3323269582153325,hybrid_low_q1_regular_ridge,低销量指数平滑-常规Ridge混合,volatile,0,天气、温度、风力、活动日为历史同月日参考；节假日按2022清明日历设定；低销量组合使用问题一指数平滑，非低销量组合使用综合Ridge
2022-04-05,47,C地桑田路店,11002170,三养辣火鸡味拌面,速食类,晴,1,0,0,0.5434370582394912,hybrid_low_q1_regular_ridge,低销量指数平滑-常规Ridge混合,low_volume_intermittent,1,天气、温度、风力、活动日为历史同月日参考；节假日按2022清明日历设定；低销量组合使用问题一指数平滑，非低销量组合使用综合Ridge
2022-04-05,47,C地桑田路店,11002561,乡吧哥蜜汁鸡翅,包装散称,晴,1,0,0,5.968982319097041,hybrid_low_q1_regular_ridge,低销量指数平滑-常规Ridge混合,regular,0,天气、温度、风力、活动日为历史同月日参考；节假日按2022清明日历设定；低销量组合使用问题一指数平滑，非低销量组合使用综合Ridge
2022-04-05,47,C地桑田路店,11002605,老板仔香脆海苔卷（原味）,包装海苔,晴,1,0,0,0.975802316965046,hybrid_low_q1_regular_ridge,低销量指数平滑-常规Ridge混合,intermittent,0,天气、温度、风力、活动日为历史同月日参考；节假日按2022清明日历设定；低销量组合使用问题一指数平滑，非低销量组合使用综合Ridge
2022-04-05,47,C地桑田路店,11005780,大丰古法瓜子,包装坚果,晴,1,0,0,1.419184391181359,hybrid_low_q1_regular_ridge,低销量指数平滑-常规Ridge混合,intermittent,0,天气、温度、风力、活动日为历史同月日参考；节假日按2022清明日历设定；低销量组合使用问题一指数平滑，非低销量组合使用综合Ridge
2022-04-05,47,C地桑田路店,11008516,李子柒螺蛳粉335g,速食类,晴,1,0,0,0.7740705311591362,hybrid_low_q1_regular_ridge,低销量指数平滑-常规Ridge混合,low_volume_intermittent,1,天气、温度、风力、活动日为历史同月日参考；节假日按2022清明日历设定；低销量组合使用问题一指数平滑，非低销量组合使用综合Ridge
2022-04-05,47,C地桑田路店,11008644,洽洽早餐每日坚果（燕麦片）,包装冲饮,晴,1,0,0,0.0,hybrid_low_q1_regular_ridge,低销量指数平滑-常规Ridge混合,very_sparse,1,天气、温度、风力、活动日为历史同月日参考；节假日按2022清明日历设定；低销量组合使用问题一指数平滑，非低销量组合使用综合Ridge
2022-04-05,47,C地桑田路店,12000134,百事可乐600ml,碳酸饮料,晴,1,0,0,2.544989367020821,hybrid_low_q1_regular_ridge,低销量指数平滑-常规Ridge混合,regular,0,天气、温度、风力、活动日为历史同月日参考；节假日按2022清明日历设定；低销量组合使用问题一指数平滑，非低销量组合使用综合Ridge
2022-04-05,47,C地桑田路店,12000292,红牛,功能饮料,晴,1,0,0,3.636898934511741,hybrid_low_q1_regular_ridge,低销量指数平滑-常规Ridge混合,volatile,0,天气、温度、风力、活动日为历史同月日参考；节假日按2022清明日历设定；低销量组合使用问题一指数平滑，非低销量组合使用综合Ridge
2022-04-05,47,C地桑田路店,12001131,旺仔牛奶,乳类饮品,晴,1,0,0,1.619463376575773,hybrid_low_q1_regular_ridge,低销量指数平滑-常规Ridge混合,intermittent,0,天气、温度、风力、活动日为历史同月日参考；节假日按2022清明日历设定；低销量组合使用问题一指数平滑，非低销量组合使用综合Ridge
2022-04-05,69,B地江山店店,11000405,百事可乐330ml,碳酸饮料,晴,1,0,0,3.119200655401162,hybrid_low_q1_regular_ridge,低销量指数平滑-常规Ridge混合,regular,0,天气、温度、风力、活动日为历史同月日参考；节假日按2022清明日历设定；低销量组合使用问题一指数平滑，非低销量组合使用综合Ridge
2022-04-05,69,B地江山店店,11001020,韩国海牌海苔 / 韩国海飘海苔,包装海苔,晴,1,0,0,1.430219191096061,hybrid_low_q1_regular_ridge,低销量指数平滑-常规Ridge混合,intermittent,0,天气、温度、风力、活动日为历史同月日参考；节假日按2022清明日历设定；低销量组合使用问题一指数平滑，非低销量组合使用综合Ridge
2022-04-05,69,B地江山店店,11002170,三养辣火鸡味拌面,速食类,晴,1,0,0,0.5239870553017352,hybrid_low_q1_regular_ridge,低销量指数平滑-常规Ridge混合,low_volume_intermittent,1,天气、温度、风力、活动日为历史同月日参考；节假日按2022清明日历设定；低销量组合使用问题一指数平滑，非低销量组合使用综合Ridge
2022-04-05,69,B地江山店店,11002561,乡吧哥蜜汁鸡翅,包装散称,晴,1,0,0,23.76529762701093,hybrid_low_q1_regular_ridge,低销量指数平滑-常规Ridge混合,volatile,0,天气、温度、风力、活动日为历史同月日参考；节假日按2022清明日历设定；低销量组合使用问题一指数平滑，非低销量组合使用综合Ridge
2022-04-05,69,B地江山店店,11002605,老板仔香脆海苔卷（原味）,包装海苔,晴,1,0,0,0.7729876116849519,hybrid_low_q1_regular_ridge,低销量指数平滑-常规Ridge混合,intermittent,0,天气、温度、风力、活动日为历史同月日参考；节假日按2022清明日历设定；低销量组合使用问题一指数平滑，非低销量组合使用综合Ridge
2022-04-05,69,B地江山店店,11005780,大丰古法瓜子,包装坚果,晴,1,0,0,2.172862745595361,hybrid_low_q1_regular_ridge,低销量指数平滑-常规Ridge混合,regular,0,天气、温度、风力、活动日为历史同月日参考；节假日按2022清明日历设定；低销量组合使用问题一指数平滑，非低销量组合使用综合Ridge
2022-04-05,69,B地江山店店,11008516,李子柒螺蛳粉335g,速食类,晴,1,0,0,1.6802976248172292,hybrid_low_q1_regular_ridge,低销量指数平滑-常规Ridge混合,intermittent,0,天气、温度、风力、活动日为历史同月日参考；节假日按2022清明日历设定；低销量组合使用问题一指数平滑，非低销量组合使用综合Ridge
2022-04-05,69,B地江山店店,11008644,洽洽早餐每日坚果（燕麦片）,包装冲饮,晴,1,0,0,0.0,hybrid_low_q1_regular_ridge,低销量指数平滑-常规Ridge混合,very_sparse,1,天气、温度、风力、活动日为历史同月日参考；节假日按2022清明日历设定；低销量组合使用问题一指数平滑，非低销量组合使用综合Ridge
2022-04-05,69,B地江山店店,12000134,百事可乐600ml,碳酸饮料,晴,1,0,0,5.6113872128864895,hybrid_low_q1_regular_ridge,低销量指数平滑-常规Ridge混合,regular,0,天气、温度、风力、活动日为历史同月日参考；节假日按2022清明日历设定；低销量组合使用问题一指数平滑，非低销量组合使用综合Ridge
2022-04-05,69,B地江山店店,12000292,红牛,功能饮料,晴,1,0,0,6.748148780509931,hybrid_low_q1_regular_ridge,低销量指数平滑-常规Ridge混合,volatile,0,天气、温度、风力、活动日为历史同月日参考；节假日按2022清明日历设定；低销量组合使用问题一指数平滑，非低销量组合使用综合Ridge
2022-04-05,69,B地江山店店,12001131,旺仔牛奶,乳类饮品,晴,1,0,0,2.03701820837544,hybrid_low_q1_regular_ridge,低销量指数平滑-常规Ridge混合,volatile,0,天气、温度、风力、活动日为历史同月日参考；节假日按2022清明日历设定；低销量组合使用问题一指数平滑，非低销量组合使用综合Ridge
2022-04-05,178,C地五乡镇店,11000405,百事可乐330ml,碳酸饮料,晴,1,0,0,4.640000015470197,hybrid_low_q1_regular_ridge,低销量指数平滑-常规Ridge混合,low_volume_intermittent,1,天气、温度、风力、活动日为历史同月日参考；节假日按2022清明日历设定；低销量组合使用问题一指数平滑，非低销量组合使用综合Ridge
2022-04-05,178,C地五乡镇店,11001020,韩国海牌海苔 / 韩国海飘海苔,包装海苔,晴,1,0,0,1.1866001533841195,hybrid_low_q1_regular_ridge,低销量指数平滑-常规Ridge混合,intermittent,0,天气、温度、风力、活动日为历史同月日参考；节假日按2022清明日历设定；低销量组合使用问题一指数平滑，非低销量组合使用综合Ridge
2022-04-05,178,C地五乡镇店,11002170,三养辣火鸡味拌面,速食类,晴,1,0,0,1.266359809979758,hybrid_low_q1_regular_ridge,低销量指数平滑-常规Ridge混合,intermittent,0,天气、温度、风力、活动日为历史同月日参考；节假日按2022清明日历设定；低销量组合使用问题一指数平滑，非低销量组合使用综合Ridge
2022-04-05,178,C地五乡镇店,11002561,乡吧哥蜜汁鸡翅,包装散称,晴,1,0,0,9.024497051167108,hybrid_low_q1_regular_ridge,低销量指数平滑-常规Ridge混合,intermittent,0,天气、温度、风力、活动日为历史同月日参考；节假日按2022清明日历设定；低销量组合使用问题一指数平滑，非低销量组合使用综合Ridge
2022-04-05,178,C地五乡镇店,11002605,老板仔香脆海苔卷（原味）,包装海苔,晴,1,0,0,0.0,hybrid_low_q1_regular_ridge,低销量指数平滑-常规Ridge混合,very_sparse,1,天气、温度、风力、活动日为历史同月日参考；节假日按2022清明日历设定；低销量组合使用问题一指数平滑，非低销量组合使用综合Ridge
2022-04-05,178,C地五乡镇店,11004973,特仑苏纯牛奶,乳类饮品,晴,1,0,0,0.3008152635344523,hybrid_low_q1_regular_ridge,低销量指数平滑-常规Ridge混合,very_sparse,1,天气、温度、风力、活动日为历史同月日参考；节假日按2022清明日历设定；低销量组合使用问题一指数平滑，非低销量组合使用综合Ridge
2022-04-05,178,C地五乡镇店,11005780,大丰古法瓜子,包装坚果,晴,1,0,0,0.8730901937474458,hybrid_low_q1_regular_ridge,低销量指数平滑-常规Ridge混合,low_volume_intermittent,1,天气、温度、风力、活动日为历史同月日参考；节假日按2022清明日历设定；低销量组合使用问题一指数平滑，非低销量组合使用综合Ridge
2022-04-05,178,C地五乡镇店,11008516,李子柒螺蛳粉335g,速食类,晴,1,0,0,2.4816710869087064,hybrid_low_q1_regular_ridge,低销量指数平滑-常规Ridge混合,intermittent,0,天气、温度、风力、活动日为历史同月日参考；节假日按2022清明日历设定；低销量组合使用问题一指数平滑，非低销量组合使用综合Ridge
2022-04-05,178,C地五乡镇店,12000134,百事可乐600ml,碳酸饮料,晴,1,0,0,2.9894002553364647,hybrid_low_q1_regular_ridge,低销量指数平滑-常规Ridge混合,intermittent,0,天气、温度、风力、活动日为历史同月日参考；节假日按2022清明日历设定；低销量组合使用问题一指数平滑，非低销量组合使用综合Ridge
2022-04-05,178,C地五乡镇店,12000292,红牛,功能饮料,晴,1,0,0,17.286354063314327,hybrid_low_q1_regular_ridge,低销量指数平滑-常规Ridge混合,volatile,0,天气、温度、风力、活动日为历史同月日参考；节假日按2022清明日历设定；低销量组合使用问题一指数平滑，非低销量组合使用综合Ridge
2022-04-05,178,C地五乡镇店,12001131,旺仔牛奶,乳类饮品,晴,1,0,0,4.085329723970938,hybrid_low_q1_regular_ridge,低销量指数平滑-常规Ridge混合,intermittent,0,天气、温度、风力、活动日为历史同月日参考；节假日按2022清明日历设定；低销量组合使用问题一指数平滑，非低销量组合使用综合Ridge
2022-04-05,276,A地双桥路店,11000405,百事可乐330ml,碳酸饮料,晴,1,0,0,0.2689054531264976,hybrid_low_q1_regular_ridge,低销量指数平滑-常规Ridge混合,very_sparse,1,天气、温度、风力、活动日为历史同月日参考；节假日按2022清明日历设定；低销量组合使用问题一指数平滑，非低销量组合使用综合Ridge
2022-04-05,276,A地双桥路店,11001020,韩国海牌海苔 / 韩国海飘海苔,包装海苔,晴,1,0,0,0.07778432375348415,hybrid_low_q1_regular_ridge,低销量指数平滑-常规Ridge混合,very_sparse,1,天气、温度、风力、活动日为历史同月日参考；节假日按2022清明日历设定；低销量组合使用问题一指数平滑，非低销量组合使用综合Ridge
2022-04-05,276,A地双桥路店,11002170,三养辣火鸡味拌面,速食类,晴,1,0,0,0.13194093933423176,hybrid_low_q1_regular_ridge,低销量指数平滑-常规Ridge混合,very_sparse,1,天气、温度、风力、活动日为历史同月日参考；节假日按2022清明日历设定；低销量组合使用问题一指数平滑，非低销量组合使用综合Ridge
2022-04-05,276,A地双桥路店,11002561,乡吧哥蜜汁鸡翅,包装散称,晴,1,0,0,0.32597375512041915,hybrid_low_q1_regular_ridge,低销量指数平滑-常规Ridge混合,very_sparse,1,天气、温度、风力、活动日为历史同月日参考；节假日按2022清明日历设定；低销量组合使用问题一指数平滑，非低销量组合使用综合Ridge
2022-04-05,276,A地双桥路店,11002605,老板仔香脆海苔卷（原味）,包装海苔,晴,1,0,0,0.10321785142313557,hybrid_low_q1_regular_ridge,低销量指数平滑-常规Ridge混合,very_sparse,1,天气、温度、风力、活动日为历史同月日参考；节假日按2022清明日历设定；低销量组合使用问题一指数平滑，非低销量组合使用综合Ridge
2022-04-05,276,A地双桥路店,11005780,大丰古法瓜子,包装坚果,晴,1,0,0,0.0,hybrid_low_q1_regular_ridge,低销量指数平滑-常规Ridge混合,very_sparse,1,天气、温度、风力、活动日为历史同月日参考；节假日按2022清明日历设定；低销量组合使用问题一指数平滑，非低销量组合使用综合Ridge
2022-04-05,276,A地双桥路店,11008516,李子柒螺蛳粉335g,速食类,晴,1,0,0,0.0,hybrid_low_q1_regular_ridge,低销量指数平滑-常规Ridge混合,very_sparse,1,天气、温度、风力、活动日为历史同月日参考；节假日按2022清明日历设定；低销量组合使用问题一指数平滑，非低销量组合使用综合Ridge
2022-04-05,276,A地双桥路店,12000134,百事可乐600ml,碳酸饮料,晴,1,0,0,0.43283342937486996,hybrid_low_q1_regular_ridge,低销量指数平滑-常规Ridge混合,very_sparse,1,天气、温度、风力、活动日为历史同月日参考；节假日按2022清明日历设定；低销量组合使用问题一指数平滑，非低销量组合使用综合Ridge
2022-04-05,276,A地双桥路店,12000292,红牛,功能饮料,晴,1,0,0,1.007961605577367,hybrid_low_q1_regular_ridge,低销量指数平滑-常规Ridge混合,very_sparse,1,天气、温度、风力、活动日为历史同月日参考；节假日按2022清明日历设定；低销量组合使用问题一指数平滑，非低销量组合使用综合Ridge
2022-04-05,276,A地双桥路店,12001131,旺仔牛奶,乳类饮品,晴,1,0,0,0.062340724888115366,hybrid_low_q1_regular_ridge,低销量指数平滑-常规Ridge混合,very_sparse,1,天气、温度、风力、活动日为历史同月日参考；节假日按2022清明日历设定；低销量组合使用问题一指数平滑，非低销量组合使用综合Ridge
2022-04-06,14,C地彩虹南路店,11000405,百事可乐330ml,碳酸饮料,多云,0,0,0,2.6802810082860766,hybrid_low_q1_regular_ridge,低销量指数平滑-常规Ridge混合,volatile,0,天气、温度、风力、活动日为历史同月日参考；节假日按2022清明日历设定；低销量组合使用问题一指数平滑，非低销量组合使用综合Ridge
2022-04-06,14,C地彩虹南路店,11001020,韩国海牌海苔 / 韩国海飘海苔,包装海苔,多云,0,0,0,0.2043674900850145,hybrid_low_q1_regular_ridge,低销量指数平滑-常规Ridge混合,intermittent,0,天气、温度、风力、活动日为历史同月日参考；节假日按2022清明日历设定；低销量组合使用问题一指数平滑，非低销量组合使用综合Ridge
2022-04-06,14,C地彩虹南路店,11002170,三养辣火鸡味拌面,速食类,多云,0,0,0,0.2656404976078264,hybrid_low_q1_regular_ridge,低销量指数平滑-常规Ridge混合,very_sparse,1,天气、温度、风力、活动日为历史同月日参考；节假日按2022清明日历设定；低销量组合使用问题一指数平滑，非低销量组合使用综合Ridge
2022-04-06,14,C地彩虹南路店,11002561,乡吧哥蜜汁鸡翅,包装散称,多云,0,0,0,5.490745053045522,hybrid_low_q1_regular_ridge,低销量指数平滑-常规Ridge混合,volatile,0,天气、温度、风力、活动日为历史同月日参考；节假日按2022清明日历设定；低销量组合使用问题一指数平滑，非低销量组合使用综合Ridge
2022-04-06,14,C地彩虹南路店,11002605,老板仔香脆海苔卷（原味）,包装海苔,多云,0,0,0,0.0001113827502271514,hybrid_low_q1_regular_ridge,低销量指数平滑-常规Ridge混合,low_volume_intermittent,1,天气、温度、风力、活动日为历史同月日参考；节假日按2022清明日历设定；低销量组合使用问题一指数平滑，非低销量组合使用综合Ridge
2022-04-06,14,C地彩虹南路店,11004973,特仑苏纯牛奶,乳类饮品,多云,0,0,0,0.0891754312269961,hybrid_low_q1_regular_ridge,低销量指数平滑-常规Ridge混合,intermittent,0,天气、温度、风力、活动日为历史同月日参考；节假日按2022清明日历设定；低销量组合使用问题一指数平滑，非低销量组合使用综合Ridge
2022-04-06,14,C地彩虹南路店,11005780,大丰古法瓜子,包装坚果,多云,0,0,0,0.0968491103973263,hybrid_low_q1_regular_ridge,低销量指数平滑-常规Ridge混合,regular,0,天气、温度、风力、活动日为历史同月日参考；节假日按2022清明日历设定；低销量组合使用问题一指数平滑，非低销量组合使用综合Ridge
2022-04-06,14,C地彩虹南路店,11008516,李子柒螺蛳粉335g,速食类,多云,0,0,0,1.7812264202845633,hybrid_low_q1_regular_ridge,低销量指数平滑-常规Ridge混合,low_volume_intermittent,1,天气、温度、风力、活动日为历史同月日参考；节假日按2022清明日历设定；低销量组合使用问题一指数平滑，非低销量组合使用综合Ridge
2022-04-06,14,C地彩虹南路店,11008644,洽洽早餐每日坚果（燕麦片）,包装冲饮,多云,0,0,0,0.0,hybrid_low_q1_regular_ridge,低销量指数平滑-常规Ridge混合,very_sparse,1,天气、温度、风力、活动日为历史同月日参考；节假日按2022清明日历设定；低销量组合使用问题一指数平滑，非低销量组合使用综合Ridge
2022-04-06,14,C地彩虹南路店,12000134,百事可乐600ml,碳酸饮料,多云,0,0,0,1.376491745130293,hybrid_low_q1_regular_ridge,低销量指数平滑-常规Ridge混合,regular,0,天气、温度、风力、活动日为历史同月日参考；节假日按2022清明日历设定；低销量组合使用问题一指数平滑，非低销量组合使用综合Ridge
2022-04-06,14,C地彩虹南路店,12000292,红牛,功能饮料,多云,0,0,0,6.183545233468206,hybrid_low_q1_regular_ridge,低销量指数平滑-常规Ridge混合,regular,0,天气、温度、风力、活动日为历史同月日参考；节假日按2022清明日历设定；低销量组合使用问题一指数平滑，非低销量组合使用综合Ridge
2022-04-06,14,C地彩虹南路店,12001131,旺仔牛奶,乳类饮品,多云,0,0,0,1.8457308566848307,hybrid_low_q1_regular_ridge,低销量指数平滑-常规Ridge混合,intermittent,0,天气、温度、风力、活动日为历史同月日参考；节假日按2022清明日历设定；低销量组合使用问题一指数平滑，非低销量组合使用综合Ridge
2022-04-06,18,A地天九街店,11000405,百事可乐330ml,碳酸饮料,多云,0,0,0,3.818069601934295,hybrid_low_q1_regular_ridge,低销量指数平滑-常规Ridge混合,intermittent,0,天气、温度、风力、活动日为历史同月日参考；节假日按2022清明日历设定；低销量组合使用问题一指数平滑，非低销量组合使用综合Ridge
2022-04-06,18,A地天九街店,11001020,韩国海牌海苔 / 韩国海飘海苔,包装海苔,多云,0,0,0,1.5751331988734374,hybrid_low_q1_regular_ridge,低销量指数平滑-常规Ridge混合,intermittent,0,天气、温度、风力、活动日为历史同月日参考；节假日按2022清明日历设定；低销量组合使用问题一指数平滑，非低销量组合使用综合Ridge
2022-04-06,18,A地天九街店,11002170,三养辣火鸡味拌面,速食类,多云,0,0,0,0.6837584841239029,hybrid_low_q1_regular_ridge,低销量指数平滑-常规Ridge混合,low_volume_intermittent,1,天气、温度、风力、活动日为历史同月日参考；节假日按2022清明日历设定；低销量组合使用问题一指数平滑，非低销量组合使用综合Ridge
2022-04-06,18,A地天九街店,11002561,乡吧哥蜜汁鸡翅,包装散称,多云,0,0,0,3.8274688588388095,hybrid_low_q1_regular_ridge,低销量指数平滑-常规Ridge混合,intermittent,0,天气、温度、风力、活动日为历史同月日参考；节假日按2022清明日历设定；低销量组合使用问题一指数平滑，非低销量组合使用综合Ridge
2022-04-06,18,A地天九街店,11002605,老板仔香脆海苔卷（原味）,包装海苔,多云,0,0,0,0.6106191011840001,hybrid_low_q1_regular_ridge,低销量指数平滑-常规Ridge混合,very_sparse,1,天气、温度、风力、活动日为历史同月日参考；节假日按2022清明日历设定；低销量组合使用问题一指数平滑，非低销量组合使用综合Ridge
2022-04-06,18,A地天九街店,11005780,大丰古法瓜子,包装坚果,多云,0,0,0,1.6235495813524057,hybrid_low_q1_regular_ridge,低销量指数平滑-常规Ridge混合,intermittent,0,天气、温度、风力、活动日为历史同月日参考；节假日按2022清明日历设定；低销量组合使用问题一指数平滑，非低销量组合使用综合Ridge
2022-04-06,18,A地天九街店,11008516,李子柒螺蛳粉335g,速食类,多云,0,0,0,2.327877117427516e-05,hybrid_low_q1_regular_ridge,低销量指数平滑-常规Ridge混合,very_sparse,1,天气、温度、风力、活动日为历史同月日参考；节假日按2022清明日历设定；低销量组合使用问题一指数平滑，非低销量组合使用综合Ridge
2022-04-06,18,A地天九街店,12000134,百事可乐600ml,碳酸饮料,多云,0,0,0,3.1780040753890995,hybrid_low_q1_regular_ridge,低销量指数平滑-常规Ridge混合,intermittent,0,天气、温度、风力、活动日为历史同月日参考；节假日按2022清明日历设定；低销量组合使用问题一指数平滑，非低销量组合使用综合Ridge
2022-04-06,18,A地天九街店,12000292,红牛,功能饮料,多云,0,0,0,14.689323965821972,hybrid_low_q1_regular_ridge,低销量指数平滑-常规Ridge混合,intermittent,0,天气、温度、风力、活动日为历史同月日参考；节假日按2022清明日历设定；低销量组合使用问题一指数平滑，非低销量组合使用综合Ridge
2022-04-06,18,A地天九街店,12001131,旺仔牛奶,乳类饮品,多云,0,0,0,2.455212473168472,hybrid_low_q1_regular_ridge,低销量指数平滑-常规Ridge混合,intermittent,0,天气、温度、风力、活动日为历史同月日参考；节假日按2022清明日历设定；低销量组合使用问题一指数平滑，非低销量组合使用综合Ridge
2022-04-06,23,C地姜山店,11000405,百事可乐330ml,碳酸饮料,多云,0,0,0,1.8512506995527536,hybrid_low_q1_regular_ridge,低销量指数平滑-常规Ridge混合,intermittent,0,天气、温度、风力、活动日为历史同月日参考；节假日按2022清明日历设定；低销量组合使用问题一指数平滑，非低销量组合使用综合Ridge
2022-04-06,23,C地姜山店,11001020,韩国海牌海苔 / 韩国海飘海苔,包装海苔,多云,0,0,0,0.3608762729017696,hybrid_low_q1_regular_ridge,低销量指数平滑-常规Ridge混合,regular,0,天气、温度、风力、活动日为历史同月日参考；节假日按2022清明日历设定；低销量组合使用问题一指数平滑，非低销量组合使用综合Ridge
2022-04-06,23,C地姜山店,11002170,三养辣火鸡味拌面,速食类,多云,0,0,0,1.305728395949643,hybrid_low_q1_regular_ridge,低销量指数平滑-常规Ridge混合,low_volume_intermittent,1,天气、温度、风力、活动日为历史同月日参考；节假日按2022清明日历设定；低销量组合使用问题一指数平滑，非低销量组合使用综合Ridge
2022-04-06,23,C地姜山店,11002561,乡吧哥蜜汁鸡翅,包装散称,多云,0,0,0,15.821805838042112,hybrid_low_q1_regular_ridge,低销量指数平滑-常规Ridge混合,volatile,0,天气、温度、风力、活动日为历史同月日参考；节假日按2022清明日历设定；低销量组合使用问题一指数平滑，非低销量组合使用综合Ridge
2022-04-06,23,C地姜山店,11002605,老板仔香脆海苔卷（原味）,包装海苔,多云,0,0,0,0.1778540621479163,hybrid_low_q1_regular_ridge,低销量指数平滑-常规Ridge混合,intermittent,0,天气、温度、风力、活动日为历史同月日参考；节假日按2022清明日历设定；低销量组合使用问题一指数平滑，非低销量组合使用综合Ridge
2022-04-06,23,C地姜山店,11004973,特仑苏纯牛奶,乳类饮品,多云,0,0,0,0.0005453125873052109,hybrid_low_q1_regular_ridge,低销量指数平滑-常规Ridge混合,very_sparse,1,天气、温度、风力、活动日为历史同月日参考；节假日按2022清明日历设定；低销量组合使用问题一指数平滑，非低销量组合使用综合Ridge
2022-04-06,23,C地姜山店,11005780,大丰古法瓜子,包装坚果,多云,0,0,0,0.6538106820139427,hybrid_low_q1_regular_ridge,低销量指数平滑-常规Ridge混合,regular,0,天气、温度、风力、活动日为历史同月日参考；节假日按2022清明日历设定；低销量组合使用问题一指数平滑，非低销量组合使用综合Ridge
2022-04-06,23,C地姜山店,11008516,李子柒螺蛳粉335g,速食类,多云,0,0,0,0.8266765968062305,hybrid_low_q1_regular_ridge,低销量指数平滑-常规Ridge混合,intermittent,0,天气、温度、风力、活动日为历史同月日参考；节假日按2022清明日历设定；低销量组合使用问题一指数平滑，非低销量组合使用综合Ridge
2022-04-06,23,C地姜山店,12000134,百事可乐600ml,碳酸饮料,多云,0,0,0,1.4121239869942537,hybrid_low_q1_regular_ridge,低销量指数平滑-常规Ridge混合,regular,0,天气、温度、风力、活动日为历史同月日参考；节假日按2022清明日历设定；低销量组合使用问题一指数平滑，非低销量组合使用综合Ridge
2022-04-06,23,C地姜山店,12000292,红牛,功能饮料,多云,0,0,0,4.293600484875402,hybrid_low_q1_regular_ridge,低销量指数平滑-常规Ridge混合,regular,0,天气、温度、风力、活动日为历史同月日参考；节假日按2022清明日历设定；低销量组合使用问题一指数平滑，非低销量组合使用综合Ridge
2022-04-06,23,C地姜山店,12001131,旺仔牛奶,乳类饮品,多云,0,0,0,0.8414248469612783,hybrid_low_q1_regular_ridge,低销量指数平滑-常规Ridge混合,intermittent,0,天气、温度、风力、活动日为历史同月日参考；节假日按2022清明日历设定；低销量组合使用问题一指数平滑，非低销量组合使用综合Ridge
2022-04-06,47,C地桑田路店,11000405,百事可乐330ml,碳酸饮料,多云,0,0,0,1.9037616982461665,hybrid_low_q1_regular_ridge,低销量指数平滑-常规Ridge混合,volatile,0,天气、温度、风力、活动日为历史同月日参考；节假日按2022清明日历设定；低销量组合使用问题一指数平滑，非低销量组合使用综合Ridge
2022-04-06,47,C地桑田路店,11001020,韩国海牌海苔 / 韩国海飘海苔,包装海苔,多云,0,0,0,2.405797326548951,hybrid_low_q1_regular_ridge,低销量指数平滑-常规Ridge混合,volatile,0,天气、温度、风力、活动日为历史同月日参考；节假日按2022清明日历设定；低销量组合使用问题一指数平滑，非低销量组合使用综合Ridge
2022-04-06,47,C地桑田路店,11002170,三养辣火鸡味拌面,速食类,多云,0,0,0,0.5434370582394912,hybrid_low_q1_regular_ridge,低销量指数平滑-常规Ridge混合,low_volume_intermittent,1,天气、温度、风力、活动日为历史同月日参考；节假日按2022清明日历设定；低销量组合使用问题一指数平滑，非低销量组合使用综合Ridge
2022-04-06,47,C地桑田路店,11002561,乡吧哥蜜汁鸡翅,包装散称,多云,0,0,0,6.269816154191991,hybrid_low_q1_regular_ridge,低销量指数平滑-常规Ridge混合,regular,0,天气、温度、风力、活动日为历史同月日参考；节假日按2022清明日历设定；低销量组合使用问题一指数平滑，非低销量组合使用综合Ridge
2022-04-06,47,C地桑田路店,11002605,老板仔香脆海苔卷（原味）,包装海苔,多云,0,0,0,0.7817512903041215,hybrid_low_q1_regular_ridge,低销量指数平滑-常规Ridge混合,intermittent,0,天气、温度、风力、活动日为历史同月日参考；节假日按2022清明日历设定；低销量组合使用问题一指数平滑，非低销量组合使用综合Ridge
2022-04-06,47,C地桑田路店,11005780,大丰古法瓜子,包装坚果,多云,0,0,0,1.0499160704827069,hybrid_low_q1_regular_ridge,低销量指数平滑-常规Ridge混合,intermittent,0,天气、温度、风力、活动日为历史同月日参考；节假日按2022清明日历设定；低销量组合使用问题一指数平滑，非低销量组合使用综合Ridge
2022-04-06,47,C地桑田路店,11008516,李子柒螺蛳粉335g,速食类,多云,0,0,0,0.7740705311591362,hybrid_low_q1_regular_ridge,低销量指数平滑-常规Ridge混合,low_volume_intermittent,1,天气、温度、风力、活动日为历史同月日参考；节假日按2022清明日历设定；低销量组合使用问题一指数平滑，非低销量组合使用综合Ridge
2022-04-06,47,C地桑田路店,11008644,洽洽早餐每日坚果（燕麦片）,包装冲饮,多云,0,0,0,0.0,hybrid_low_q1_regular_ridge,低销量指数平滑-常规Ridge混合,very_sparse,1,天气、温度、风力、活动日为历史同月日参考；节假日按2022清明日历设定；低销量组合使用问题一指数平滑，非低销量组合使用综合Ridge
2022-04-06,47,C地桑田路店,12000134,百事可乐600ml,碳酸饮料,多云,0,0,0,2.275173704095513,hybrid_low_q1_regular_ridge,低销量指数平滑-常规Ridge混合,regular,0,天气、温度、风力、活动日为历史同月日参考；节假日按2022清明日历设定；低销量组合使用问题一指数平滑，非低销量组合使用综合Ridge
2022-04-06,47,C地桑田路店,12000292,红牛,功能饮料,多云,0,0,0,3.644986567995085,hybrid_low_q1_regular_ridge,低销量指数平滑-常规Ridge混合,volatile,0,天气、温度、风力、活动日为历史同月日参考；节假日按2022清明日历设定；低销量组合使用问题一指数平滑，非低销量组合使用综合Ridge
2022-04-06,47,C地桑田路店,12001131,旺仔牛奶,乳类饮品,多云,0,0,0,1.5385048063291245,hybrid_low_q1_regular_ridge,低销量指数平滑-常规Ridge混合,intermittent,0,天气、温度、风力、活动日为历史同月日参考；节假日按2022清明日历设定；低销量组合使用问题一指数平滑，非低销量组合使用综合Ridge
2022-04-06,69,B地江山店店,11000405,百事可乐330ml,碳酸饮料,多云,0,0,0,3.3741136394555866,hybrid_low_q1_regular_ridge,低销量指数平滑-常规Ridge混合,regular,0,天气、温度、风力、活动日为历史同月日参考；节假日按2022清明日历设定；低销量组合使用问题一指数平滑，非低销量组合使用综合Ridge
2022-04-06,69,B地江山店店,11001020,韩国海牌海苔 / 韩国海飘海苔,包装海苔,多云,0,0,0,1.1062912905203852,hybrid_low_q1_regular_ridge,低销量指数平滑-常规Ridge混合,intermittent,0,天气、温度、风力、活动日为历史同月日参考；节假日按2022清明日历设定；低销量组合使用问题一指数平滑，非低销量组合使用综合Ridge
2022-04-06,69,B地江山店店,11002170,三养辣火鸡味拌面,速食类,多云,0,0,0,0.5239870553017352,hybrid_low_q1_regular_ridge,低销量指数平滑-常规Ridge混合,low_volume_intermittent,1,天气、温度、风力、活动日为历史同月日参考；节假日按2022清明日历设定；低销量组合使用问题一指数平滑，非低销量组合使用综合Ridge
2022-04-06,69,B地江山店店,11002561,乡吧哥蜜汁鸡翅,包装散称,多云,0,0,0,23.099644720647277,hybrid_low_q1_regular_ridge,低销量指数平滑-常规Ridge混合,volatile,0,天气、温度、风力、活动日为历史同月日参考；节假日按2022清明日历设定；低销量组合使用问题一指数平滑，非低销量组合使用综合Ridge
2022-04-06,69,B地江山店店,11002605,老板仔香脆海苔卷（原味）,包装海苔,多云,0,0,0,0.5595078409011596,hybrid_low_q1_regular_ridge,低销量指数平滑-常规Ridge混合,intermittent,0,天气、温度、风力、活动日为历史同月日参考；节假日按2022清明日历设定；低销量组合使用问题一指数平滑，非低销量组合使用综合Ridge
2022-04-06,69,B地江山店店,11005780,大丰古法瓜子,包装坚果,多云,0,0,0,2.2994078828530085,hybrid_low_q1_regular_ridge,低销量指数平滑-常规Ridge混合,regular,0,天气、温度、风力、活动日为历史同月日参考；节假日按2022清明日历设定；低销量组合使用问题一指数平滑，非低销量组合使用综合Ridge
2022-04-06,69,B地江山店店,11008516,李子柒螺蛳粉335g,速食类,多云,0,0,0,1.4621686910457434,hybrid_low_q1_regular_ridge,低销量指数平滑-常规Ridge混合,intermittent,0,天气、温度、风力、活动日为历史同月日参考；节假日按2022清明日历设定；低销量组合使用问题一指数平滑，非低销量组合使用综合Ridge
2022-04-06,69,B地江山店店,11008644,洽洽早餐每日坚果（燕麦片）,包装冲饮,多云,0,0,0,0.0,hybrid_low_q1_regular_ridge,低销量指数平滑-常规Ridge混合,very_sparse,1,天气、温度、风力、活动日为历史同月日参考；节假日按2022清明日历设定；低销量组合使用问题一指数平滑，非低销量组合使用综合Ridge
2022-04-06,69,B地江山店店,12000134,百事可乐600ml,碳酸饮料,多云,0,0,0,5.2886972602996325,hybrid_low_q1_regular_ridge,低销量指数平滑-常规Ridge混合,regular,0,天气、温度、风力、活动日为历史同月日参考；节假日按2022清明日历设定；低销量组合使用问题一指数平滑，非低销量组合使用综合Ridge
2022-04-06,69,B地江山店店,12000292,红牛,功能饮料,多云,0,0,0,6.324323885134183,hybrid_low_q1_regular_ridge,低销量指数平滑-常规Ridge混合,volatile,0,天气、温度、风力、活动日为历史同月日参考；节假日按2022清明日历设定；低销量组合使用问题一指数平滑，非低销量组合使用综合Ridge
2022-04-06,69,B地江山店店,12001131,旺仔牛奶,乳类饮品,多云,0,0,0,2.0079039205141878,hybrid_low_q1_regular_ridge,低销量指数平滑-常规Ridge混合,volatile,0,天气、温度、风力、活动日为历史同月日参考；节假日按2022清明日历设定；低销量组合使用问题一指数平滑，非低销量组合使用综合Ridge
2022-04-06,178,C地五乡镇店,11000405,百事可乐330ml,碳酸饮料,多云,0,0,0,4.640000015470197,hybrid_low_q1_regular_ridge,低销量指数平滑-常规Ridge混合,low_volume_intermittent,1,天气、温度、风力、活动日为历史同月日参考；节假日按2022清明日历设定；低销量组合使用问题一指数平滑，非低销量组合使用综合Ridge
2022-04-06,178,C地五乡镇店,11001020,韩国海牌海苔 / 韩国海飘海苔,包装海苔,多云,0,0,0,1.0837384911645964,hybrid_low_q1_regular_ridge,低销量指数平滑-常规Ridge混合,intermittent,0,天气、温度、风力、活动日为历史同月日参考；节假日按2022清明日历设定；低销量组合使用问题一指数平滑，非低销量组合使用综合Ridge
2022-04-06,178,C地五乡镇店,11002170,三养辣火鸡味拌面,速食类,多云,0,0,0,0.9190347041705468,hybrid_low_q1_regular_ridge,低销量指数平滑-常规Ridge混合,intermittent,0,天气、温度、风力、活动日为历史同月日参考；节假日按2022清明日历设定；低销量组合使用问题一指数平滑，非低销量组合使用综合Ridge
2022-04-06,178,C地五乡镇店,11002561,乡吧哥蜜汁鸡翅,包装散称,多云,0,0,0,10.004087469052848,hybrid_low_q1_regular_ridge,低销量指数平滑-常规Ridge混合,intermittent,0,天气、温度、风力、活动日为历史同月日参考；节假日按2022清明日历设定；低销量组合使用问题一指数平滑，非低销量组合使用综合Ridge
2022-04-06,178,C地五乡镇店,11002605,老板仔香脆海苔卷（原味）,包装海苔,多云,0,0,0,0.0,hybrid_low_q1_regular_ridge,低销量指数平滑-常规Ridge混合,very_sparse,1,天气、温度、风力、活动日为历史同月日参考；节假日按2022清明日历设定；低销量组合使用问题一指数平滑，非低销量组合使用综合Ridge
2022-04-06,178,C地五乡镇店,11004973,特仑苏纯牛奶,乳类饮品,多云,0,0,0,0.3008152635344523,hybrid_low_q1_regular_ridge,低销量指数平滑-常规Ridge混合,very_sparse,1,天气、温度、风力、活动日为历史同月日参考；节假日按2022清明日历设定；低销量组合使用问题一指数平滑，非低销量组合使用综合Ridge
2022-04-06,178,C地五乡镇店,11005780,大丰古法瓜子,包装坚果,多云,0,0,0,0.8730901937474458,hybrid_low_q1_regular_ridge,低销量指数平滑-常规Ridge混合,low_volume_intermittent,1,天气、温度、风力、活动日为历史同月日参考；节假日按2022清明日历设定；低销量组合使用问题一指数平滑，非低销量组合使用综合Ridge
2022-04-06,178,C地五乡镇店,11008516,李子柒螺蛳粉335g,速食类,多云,0,0,0,2.256989646030471,hybrid_low_q1_regular_ridge,低销量指数平滑-常规Ridge混合,intermittent,0,天气、温度、风力、活动日为历史同月日参考；节假日按2022清明日历设定；低销量组合使用问题一指数平滑，非低销量组合使用综合Ridge
2022-04-06,178,C地五乡镇店,12000134,百事可乐600ml,碳酸饮料,多云,0,0,0,3.1615584063118707,hybrid_low_q1_regular_ridge,低销量指数平滑-常规Ridge混合,intermittent,0,天气、温度、风力、活动日为历史同月日参考；节假日按2022清明日历设定；低销量组合使用问题一指数平滑，非低销量组合使用综合Ridge
2022-04-06,178,C地五乡镇店,12000292,红牛,功能饮料,多云,0,0,0,17.41185116717846,hybrid_low_q1_regular_ridge,低销量指数平滑-常规Ridge混合,volatile,0,天气、温度、风力、活动日为历史同月日参考；节假日按2022清明日历设定；低销量组合使用问题一指数平滑，非低销量组合使用综合Ridge
2022-04-06,178,C地五乡镇店,12001131,旺仔牛奶,乳类饮品,多云,0,0,0,3.619117577346768,hybrid_low_q1_regular_ridge,低销量指数平滑-常规Ridge混合,intermittent,0,天气、温度、风力、活动日为历史同月日参考；节假日按2022清明日历设定；低销量组合使用问题一指数平滑，非低销量组合使用综合Ridge
2022-04-06,276,A地双桥路店,11000405,百事可乐330ml,碳酸饮料,多云,0,0,0,0.2689054531264976,hybrid_low_q1_regular_ridge,低销量指数平滑-常规Ridge混合,very_sparse,1,天气、温度、风力、活动日为历史同月日参考；节假日按2022清明日历设定；低销量组合使用问题一指数平滑，非低销量组合使用综合Ridge
2022-04-06,276,A地双桥路店,11001020,韩国海牌海苔 / 韩国海飘海苔,包装海苔,多云,0,0,0,0.07778432375348415,hybrid_low_q1_regular_ridge,低销量指数平滑-常规Ridge混合,very_sparse,1,天气、温度、风力、活动日为历史同月日参考；节假日按2022清明日历设定；低销量组合使用问题一指数平滑，非低销量组合使用综合Ridge
2022-04-06,276,A地双桥路店,11002170,三养辣火鸡味拌面,速食类,多云,0,0,0,0.13194093933423176,hybrid_low_q1_regular_ridge,低销量指数平滑-常规Ridge混合,very_sparse,1,天气、温度、风力、活动日为历史同月日参考；节假日按2022清明日历设定；低销量组合使用问题一指数平滑，非低销量组合使用综合Ridge
2022-04-06,276,A地双桥路店,11002561,乡吧哥蜜汁鸡翅,包装散称,多云,0,0,0,0.32597375512041915,hybrid_low_q1_regular_ridge,低销量指数平滑-常规Ridge混合,very_sparse,1,天气、温度、风力、活动日为历史同月日参考；节假日按2022清明日历设定；低销量组合使用问题一指数平滑，非低销量组合使用综合Ridge
2022-04-06,276,A地双桥路店,11002605,老板仔香脆海苔卷（原味）,包装海苔,多云,0,0,0,0.10321785142313557,hybrid_low_q1_regular_ridge,低销量指数平滑-常规Ridge混合,very_sparse,1,天气、温度、风力、活动日为历史同月日参考；节假日按2022清明日历设定；低销量组合使用问题一指数平滑，非低销量组合使用综合Ridge
2022-04-06,276,A地双桥路店,11005780,大丰古法瓜子,包装坚果,多云,0,0,0,0.0,hybrid_low_q1_regular_ridge,低销量指数平滑-常规Ridge混合,very_sparse,1,天气、温度、风力、活动日为历史同月日参考；节假日按2022清明日历设定；低销量组合使用问题一指数平滑，非低销量组合使用综合Ridge
2022-04-06,276,A地双桥路店,11008516,李子柒螺蛳粉335g,速食类,多云,0,0,0,0.0,hybrid_low_q1_regular_ridge,低销量指数平滑-常规Ridge混合,very_sparse,1,天气、温度、风力、活动日为历史同月日参考；节假日按2022清明日历设定；低销量组合使用问题一指数平滑，非低销量组合使用综合Ridge
2022-04-06,276,A地双桥路店,12000134,百事可乐600ml,碳酸饮料,多云,0,0,0,0.43283342937486996,hybrid_low_q1_regular_ridge,低销量指数平滑-常规Ridge混合,very_sparse,1,天气、温度、风力、活动日为历史同月日参考；节假日按2022清明日历设定；低销量组合使用问题一指数平滑，非低销量组合使用综合Ridge
2022-04-06,276,A地双桥路店,12000292,红牛,功能饮料,多云,0,0,0,1.007961605577367,hybrid_low_q1_regular_ridge,低销量指数平滑-常规Ridge混合,very_sparse,1,天气、温度、风力、活动日为历史同月日参考；节假日按2022清明日历设定；低销量组合使用问题一指数平滑，非低销量组合使用综合Ridge
2022-04-06,276,A地双桥路店,12001131,旺仔牛奶,乳类饮品,多云,0,0,0,0.062340724888115366,hybrid_low_q1_regular_ridge,低销量指数平滑-常规Ridge混合,very_sparse,1,天气、温度、风力、活动日为历史同月日参考；节假日按2022清明日历设定；低销量组合使用问题一指数平滑，非低销量组合使用综合Ridge
2022-04-07,14,C地彩虹南路店,11000405,百事可乐330ml,碳酸饮料,多云,0,0,0,2.7633840037902138,hybrid_low_q1_regular_ridge,低销量指数平滑-常规Ridge混合,volatile,0,天气、温度、风力、活动日为历史同月日参考；节假日按2022清明日历设定；低销量组合使用问题一指数平滑，非低销量组合使用综合Ridge
2022-04-07,14,C地彩虹南路店,11001020,韩国海牌海苔 / 韩国海飘海苔,包装海苔,多云,0,0,0,0.2600433944787417,hybrid_low_q1_regular_ridge,低销量指数平滑-常规Ridge混合,intermittent,0,天气、温度、风力、活动日为历史同月日参考；节假日按2022清明日历设定；低销量组合使用问题一指数平滑，非低销量组合使用综合Ridge
2022-04-07,14,C地彩虹南路店,11002170,三养辣火鸡味拌面,速食类,多云,0,0,0,0.2656404976078264,hybrid_low_q1_regular_ridge,低销量指数平滑-常规Ridge混合,very_sparse,1,天气、温度、风力、活动日为历史同月日参考；节假日按2022清明日历设定；低销量组合使用问题一指数平滑，非低销量组合使用综合Ridge
2022-04-07,14,C地彩虹南路店,11002561,乡吧哥蜜汁鸡翅,包装散称,多云,0,0,0,5.451276104892799,hybrid_low_q1_regular_ridge,低销量指数平滑-常规Ridge混合,volatile,0,天气、温度、风力、活动日为历史同月日参考；节假日按2022清明日历设定；低销量组合使用问题一指数平滑，非低销量组合使用综合Ridge
2022-04-07,14,C地彩虹南路店,11002605,老板仔香脆海苔卷（原味）,包装海苔,多云,0,0,0,0.0001113827502271514,hybrid_low_q1_regular_ridge,低销量指数平滑-常规Ridge混合,low_volume_intermittent,1,天气、温度、风力、活动日为历史同月日参考；节假日按2022清明日历设定；低销量组合使用问题一指数平滑，非低销量组合使用综合Ridge
2022-04-07,14,C地彩虹南路店,11004973,特仑苏纯牛奶,乳类饮品,多云,0,0,0,0.058712927354164,hybrid_low_q1_regular_ridge,低销量指数平滑-常规Ridge混合,intermittent,0,天气、温度、风力、活动日为历史同月日参考；节假日按2022清明日历设定；低销量组合使用问题一指数平滑，非低销量组合使用综合Ridge
2022-04-07,14,C地彩虹南路店,11005780,大丰古法瓜子,包装坚果,多云,0,0,0,0.1347204032398294,hybrid_low_q1_regular_ridge,低销量指数平滑-常规Ridge混合,regular,0,天气、温度、风力、活动日为历史同月日参考；节假日按2022清明日历设定；低销量组合使用问题一指数平滑，非低销量组合使用综合Ridge
2022-04-07,14,C地彩虹南路店,11008516,李子柒螺蛳粉335g,速食类,多云,0,0,0,1.7812264202845633,hybrid_low_q1_regular_ridge,低销量指数平滑-常规Ridge混合,low_volume_intermittent,1,天气、温度、风力、活动日为历史同月日参考；节假日按2022清明日历设定；低销量组合使用问题一指数平滑，非低销量组合使用综合Ridge
2022-04-07,14,C地彩虹南路店,11008644,洽洽早餐每日坚果（燕麦片）,包装冲饮,多云,0,0,0,0.0,hybrid_low_q1_regular_ridge,低销量指数平滑-常规Ridge混合,very_sparse,1,天气、温度、风力、活动日为历史同月日参考；节假日按2022清明日历设定；低销量组合使用问题一指数平滑，非低销量组合使用综合Ridge
2022-04-07,14,C地彩虹南路店,12000134,百事可乐600ml,碳酸饮料,多云,0,0,0,1.387330849067229,hybrid_low_q1_regular_ridge,低销量指数平滑-常规Ridge混合,regular,0,天气、温度、风力、活动日为历史同月日参考；节假日按2022清明日历设定；低销量组合使用问题一指数平滑，非低销量组合使用综合Ridge
2022-04-07,14,C地彩虹南路店,12000292,红牛,功能饮料,多云,0,0,0,6.94266948317882,hybrid_low_q1_regular_ridge,低销量指数平滑-常规Ridge混合,regular,0,天气、温度、风力、活动日为历史同月日参考；节假日按2022清明日历设定；低销量组合使用问题一指数平滑，非低销量组合使用综合Ridge
2022-04-07,14,C地彩虹南路店,12001131,旺仔牛奶,乳类饮品,多云,0,0,0,1.9130167195897936,hybrid_low_q1_regular_ridge,低销量指数平滑-常规Ridge混合,intermittent,0,天气、温度、风力、活动日为历史同月日参考；节假日按2022清明日历设定；低销量组合使用问题一指数平滑，非低销量组合使用综合Ridge
2022-04-07,18,A地天九街店,11000405,百事可乐330ml,碳酸饮料,多云,0,0,0,3.67447561731061,hybrid_low_q1_regular_ridge,低销量指数平滑-常规Ridge混合,intermittent,0,天气、温度、风力、活动日为历史同月日参考；节假日按2022清明日历设定；低销量组合使用问题一指数平滑，非低销量组合使用综合Ridge
2022-04-07,18,A地天九街店,11001020,韩国海牌海苔 / 韩国海飘海苔,包装海苔,多云,0,0,0,1.4983783320857604,hybrid_low_q1_regular_ridge,低销量指数平滑-常规Ridge混合,intermittent,0,天气、温度、风力、活动日为历史同月日参考；节假日按2022清明日历设定；低销量组合使用问题一指数平滑，非低销量组合使用综合Ridge
2022-04-07,18,A地天九街店,11002170,三养辣火鸡味拌面,速食类,多云,0,0,0,0.6837584841239029,hybrid_low_q1_regular_ridge,低销量指数平滑-常规Ridge混合,low_volume_intermittent,1,天气、温度、风力、活动日为历史同月日参考；节假日按2022清明日历设定；低销量组合使用问题一指数平滑，非低销量组合使用综合Ridge
2022-04-07,18,A地天九街店,11002561,乡吧哥蜜汁鸡翅,包装散称,多云,0,0,0,4.48342013241921,hybrid_low_q1_regular_ridge,低销量指数平滑-常规Ridge混合,intermittent,0,天气、温度、风力、活动日为历史同月日参考；节假日按2022清明日历设定；低销量组合使用问题一指数平滑，非低销量组合使用综合Ridge
2022-04-07,18,A地天九街店,11002605,老板仔香脆海苔卷（原味）,包装海苔,多云,0,0,0,0.6106191011840001,hybrid_low_q1_regular_ridge,低销量指数平滑-常规Ridge混合,very_sparse,1,天气、温度、风力、活动日为历史同月日参考；节假日按2022清明日历设定；低销量组合使用问题一指数平滑，非低销量组合使用综合Ridge
2022-04-07,18,A地天九街店,11005780,大丰古法瓜子,包装坚果,多云,0,0,0,1.74289045721416,hybrid_low_q1_regular_ridge,低销量指数平滑-常规Ridge混合,intermittent,0,天气、温度、风力、活动日为历史同月日参考；节假日按2022清明日历设定；低销量组合使用问题一指数平滑，非低销量组合使用综合Ridge
2022-04-07,18,A地天九街店,11008516,李子柒螺蛳粉335g,速食类,多云,0,0,0,2.327877117427516e-05,hybrid_low_q1_regular_ridge,低销量指数平滑-常规Ridge混合,very_sparse,1,天气、温度、风力、活动日为历史同月日参考；节假日按2022清明日历设定；低销量组合使用问题一指数平滑，非低销量组合使用综合Ridge
2022-04-07,18,A地天九街店,12000134,百事可乐600ml,碳酸饮料,多云,0,0,0,3.1443162214990155,hybrid_low_q1_regular_ridge,低销量指数平滑-常规Ridge混合,intermittent,0,天气、温度、风力、活动日为历史同月日参考；节假日按2022清明日历设定；低销量组合使用问题一指数平滑，非低销量组合使用综合Ridge
2022-04-07,18,A地天九街店,12000292,红牛,功能饮料,多云,0,0,0,14.767314000753968,hybrid_low_q1_regular_ridge,低销量指数平滑-常规Ridge混合,intermittent,0,天气、温度、风力、活动日为历史同月日参考；节假日按2022清明日历设定；低销量组合使用问题一指数平滑，非低销量组合使用综合Ridge
2022-04-07,18,A地天九街店,12001131,旺仔牛奶,乳类饮品,多云,0,0,0,2.676519003712169,hybrid_low_q1_regular_ridge,低销量指数平滑-常规Ridge混合,intermittent,0,天气、温度、风力、活动日为历史同月日参考；节假日按2022清明日历设定；低销量组合使用问题一指数平滑，非低销量组合使用综合Ridge
2022-04-07,23,C地姜山店,11000405,百事可乐330ml,碳酸饮料,多云,0,0,0,1.878227453177136,hybrid_low_q1_regular_ridge,低销量指数平滑-常规Ridge混合,intermittent,0,天气、温度、风力、活动日为历史同月日参考；节假日按2022清明日历设定；低销量组合使用问题一指数平滑，非低销量组合使用综合Ridge
2022-04-07,23,C地姜山店,11001020,韩国海牌海苔 / 韩国海飘海苔,包装海苔,多云,0,0,0,0.4370069125216167,hybrid_low_q1_regular_ridge,低销量指数平滑-常规Ridge混合,regular,0,天气、温度、风力、活动日为历史同月日参考；节假日按2022清明日历设定；低销量组合使用问题一指数平滑，非低销量组合使用综合Ridge
2022-04-07,23,C地姜山店,11002170,三养辣火鸡味拌面,速食类,多云,0,0,0,1.305728395949643,hybrid_low_q1_regular_ridge,低销量指数平滑-常规Ridge混合,low_volume_intermittent,1,天气、温度、风力、活动日为历史同月日参考；节假日按2022清明日历设定；低销量组合使用问题一指数平滑，非低销量组合使用综合Ridge
2022-04-07,23,C地姜山店,11002561,乡吧哥蜜汁鸡翅,包装散称,多云,0,0,0,15.6719908794684,hybrid_low_q1_regular_ridge,低销量指数平滑-常规Ridge混合,volatile,0,天气、温度、风力、活动日为历史同月日参考；节假日按2022清明日历设定；低销量组合使用问题一指数平滑，非低销量组合使用综合Ridge
2022-04-07,23,C地姜山店,11002605,老板仔香脆海苔卷（原味）,包装海苔,多云,0,0,0,0.1139177758774734,hybrid_low_q1_regular_ridge,低销量指数平滑-常规Ridge混合,intermittent,0,天气、温度、风力、活动日为历史同月日参考；节假日按2022清明日历设定；低销量组合使用问题一指数平滑，非低销量组合使用综合Ridge
2022-04-07,23,C地姜山店,11004973,特仑苏纯牛奶,乳类饮品,多云,0,0,0,0.0005453125873052109,hybrid_low_q1_regular_ridge,低销量指数平滑-常规Ridge混合,very_sparse,1,天气、温度、风力、活动日为历史同月日参考；节假日按2022清明日历设定；低销量组合使用问题一指数平滑，非低销量组合使用综合Ridge
2022-04-07,23,C地姜山店,11005780,大丰古法瓜子,包装坚果,多云,0,0,0,0.6205395747610326,hybrid_low_q1_regular_ridge,低销量指数平滑-常规Ridge混合,regular,0,天气、温度、风力、活动日为历史同月日参考；节假日按2022清明日历设定；低销量组合使用问题一指数平滑，非低销量组合使用综合Ridge
2022-04-07,23,C地姜山店,11008516,李子柒螺蛳粉335g,速食类,多云,0,0,0,0.7944586871635386,hybrid_low_q1_regular_ridge,低销量指数平滑-常规Ridge混合,intermittent,0,天气、温度、风力、活动日为历史同月日参考；节假日按2022清明日历设定；低销量组合使用问题一指数平滑，非低销量组合使用综合Ridge
2022-04-07,23,C地姜山店,12000134,百事可乐600ml,碳酸饮料,多云,0,0,0,1.502896937747722,hybrid_low_q1_regular_ridge,低销量指数平滑-常规Ridge混合,regular,0,天气、温度、风力、活动日为历史同月日参考；节假日按2022清明日历设定；低销量组合使用问题一指数平滑，非低销量组合使用综合Ridge
2022-04-07,23,C地姜山店,12000292,红牛,功能饮料,多云,0,0,0,4.494095078960071,hybrid_low_q1_regular_ridge,低销量指数平滑-常规Ridge混合,regular,0,天气、温度、风力、活动日为历史同月日参考；节假日按2022清明日历设定；低销量组合使用问题一指数平滑，非低销量组合使用综合Ridge
2022-04-07,23,C地姜山店,12001131,旺仔牛奶,乳类饮品,多云,0,0,0,0.8588674124469979,hybrid_low_q1_regular_ridge,低销量指数平滑-常规Ridge混合,intermittent,0,天气、温度、风力、活动日为历史同月日参考；节假日按2022清明日历设定；低销量组合使用问题一指数平滑，非低销量组合使用综合Ridge
2022-04-07,47,C地桑田路店,11000405,百事可乐330ml,碳酸饮料,多云,0,0,0,2.058277736001207,hybrid_low_q1_regular_ridge,低销量指数平滑-常规Ridge混合,volatile,0,天气、温度、风力、活动日为历史同月日参考；节假日按2022清明日历设定；低销量组合使用问题一指数平滑，非低销量组合使用综合Ridge
2022-04-07,47,C地桑田路店,11001020,韩国海牌海苔 / 韩国海飘海苔,包装海苔,多云,0,0,0,2.2088241628152394,hybrid_low_q1_regular_ridge,低销量指数平滑-常规Ridge混合,volatile,0,天气、温度、风力、活动日为历史同月日参考；节假日按2022清明日历设定；低销量组合使用问题一指数平滑，非低销量组合使用综合Ridge
2022-04-07,47,C地桑田路店,11002170,三养辣火鸡味拌面,速食类,多云,0,0,0,0.5434370582394912,hybrid_low_q1_regular_ridge,低销量指数平滑-常规Ridge混合,low_volume_intermittent,1,天气、温度、风力、活动日为历史同月日参考；节假日按2022清明日历设定；低销量组合使用问题一指数平滑，非低销量组合使用综合Ridge
2022-04-07,47,C地桑田路店,11002561,乡吧哥蜜汁鸡翅,包装散称,多云,0,0,0,7.147905435707049,hybrid_low_q1_regular_ridge,低销量指数平滑-常规Ridge混合,regular,0,天气、温度、风力、活动日为历史同月日参考；节假日按2022清明日历设定；低销量组合使用问题一指数平滑，非低销量组合使用综合Ridge
2022-04-07,47,C地桑田路店,11002605,老板仔香脆海苔卷（原味）,包装海苔,多云,0,0,0,0.7406659475969533,hybrid_low_q1_regular_ridge,低销量指数平滑-常规Ridge混合,intermittent,0,天气、温度、风力、活动日为历史同月日参考；节假日按2022清明日历设定；低销量组合使用问题一指数平滑，非低销量组合使用综合Ridge
2022-04-07,47,C地桑田路店,11005780,大丰古法瓜子,包装坚果,多云,0,0,0,1.0142104275288433,hybrid_low_q1_regular_ridge,低销量指数平滑-常规Ridge混合,intermittent,0,天气、温度、风力、活动日为历史同月日参考；节假日按2022清明日历设定；低销量组合使用问题一指数平滑，非低销量组合使用综合Ridge
2022-04-07,47,C地桑田路店,11008516,李子柒螺蛳粉335g,速食类,多云,0,0,0,0.7740705311591362,hybrid_low_q1_regular_ridge,低销量指数平滑-常规Ridge混合,low_volume_intermittent,1,天气、温度、风力、活动日为历史同月日参考；节假日按2022清明日历设定；低销量组合使用问题一指数平滑，非低销量组合使用综合Ridge
2022-04-07,47,C地桑田路店,11008644,洽洽早餐每日坚果（燕麦片）,包装冲饮,多云,0,0,0,0.0,hybrid_low_q1_regular_ridge,低销量指数平滑-常规Ridge混合,very_sparse,1,天气、温度、风力、活动日为历史同月日参考；节假日按2022清明日历设定；低销量组合使用问题一指数平滑，非低销量组合使用综合Ridge
2022-04-07,47,C地桑田路店,12000134,百事可乐600ml,碳酸饮料,多云,0,0,0,2.1832639742739306,hybrid_low_q1_regular_ridge,低销量指数平滑-常规Ridge混合,regular,0,天气、温度、风力、活动日为历史同月日参考；节假日按2022清明日历设定；低销量组合使用问题一指数平滑，非低销量组合使用综合Ridge
2022-04-07,47,C地桑田路店,12000292,红牛,功能饮料,多云,0,0,0,4.22928480977964,hybrid_low_q1_regular_ridge,低销量指数平滑-常规Ridge混合,volatile,0,天气、温度、风力、活动日为历史同月日参考；节假日按2022清明日历设定；低销量组合使用问题一指数平滑，非低销量组合使用综合Ridge
2022-04-07,47,C地桑田路店,12001131,旺仔牛奶,乳类饮品,多云,0,0,0,1.5093900993592348,hybrid_low_q1_regular_ridge,低销量指数平滑-常规Ridge混合,intermittent,0,天气、温度、风力、活动日为历史同月日参考；节假日按2022清明日历设定；低销量组合使用问题一指数平滑，非低销量组合使用综合Ridge
2022-04-07,69,B地江山店店,11000405,百事可乐330ml,碳酸饮料,多云,0,0,0,3.589852086838704,hybrid_low_q1_regular_ridge,低销量指数平滑-常规Ridge混合,regular,0,天气、温度、风力、活动日为历史同月日参考；节假日按2022清明日历设定；低销量组合使用问题一指数平滑，非低销量组合使用综合Ridge
2022-04-07,69,B地江山店店,11001020,韩国海牌海苔 / 韩国海飘海苔,包装海苔,多云,0,0,0,1.3023459898404268,hybrid_low_q1_regular_ridge,低销量指数平滑-常规Ridge混合,intermittent,0,天气、温度、风力、活动日为历史同月日参考；节假日按2022清明日历设定；低销量组合使用问题一指数平滑，非低销量组合使用综合Ridge
2022-04-07,69,B地江山店店,11002170,三养辣火鸡味拌面,速食类,多云,0,0,0,0.5239870553017352,hybrid_low_q1_regular_ridge,低销量指数平滑-常规Ridge混合,low_volume_intermittent,1,天气、温度、风力、活动日为历史同月日参考；节假日按2022清明日历设定；低销量组合使用问题一指数平滑，非低销量组合使用综合Ridge
2022-04-07,69,B地江山店店,11002561,乡吧哥蜜汁鸡翅,包装散称,多云,0,0,0,22.96150763324305,hybrid_low_q1_regular_ridge,低销量指数平滑-常规Ridge混合,volatile,0,天气、温度、风力、活动日为历史同月日参考；节假日按2022清明日历设定；低销量组合使用问题一指数平滑，非低销量组合使用综合Ridge
2022-04-07,69,B地江山店店,11002605,老板仔香脆海苔卷（原味）,包装海苔,多云,0,0,0,0.6716466536263663,hybrid_low_q1_regular_ridge,低销量指数平滑-常规Ridge混合,intermittent,0,天气、温度、风力、活动日为历史同月日参考；节假日按2022清明日历设定；低销量组合使用问题一指数平滑，非低销量组合使用综合Ridge
2022-04-07,69,B地江山店店,11005780,大丰古法瓜子,包装坚果,多云,0,0,0,2.3679057353184065,hybrid_low_q1_regular_ridge,低销量指数平滑-常规Ridge混合,regular,0,天气、温度、风力、活动日为历史同月日参考；节假日按2022清明日历设定；低销量组合使用问题一指数平滑，非低销量组合使用综合Ridge
2022-04-07,69,B地江山店店,11008516,李子柒螺蛳粉335g,速食类,多云,0,0,0,1.8126596564174835,hybrid_low_q1_regular_ridge,低销量指数平滑-常规Ridge混合,intermittent,0,天气、温度、风力、活动日为历史同月日参考；节假日按2022清明日历设定；低销量组合使用问题一指数平滑，非低销量组合使用综合Ridge
2022-04-07,69,B地江山店店,11008644,洽洽早餐每日坚果（燕麦片）,包装冲饮,多云,0,0,0,0.0,hybrid_low_q1_regular_ridge,低销量指数平滑-常规Ridge混合,very_sparse,1,天气、温度、风力、活动日为历史同月日参考；节假日按2022清明日历设定；低销量组合使用问题一指数平滑，非低销量组合使用综合Ridge
2022-04-07,69,B地江山店店,12000134,百事可乐600ml,碳酸饮料,多云,0,0,0,5.479653345743242,hybrid_low_q1_regular_ridge,低销量指数平滑-常规Ridge混合,regular,0,天气、温度、风力、活动日为历史同月日参考；节假日按2022清明日历设定；低销量组合使用问题一指数平滑，非低销量组合使用综合Ridge
2022-04-07,69,B地江山店店,12000292,红牛,功能饮料,多云,0,0,0,7.50359285295219,hybrid_low_q1_regular_ridge,低销量指数平滑-常规Ridge混合,volatile,0,天气、温度、风力、活动日为历史同月日参考；节假日按2022清明日历设定；低销量组合使用问题一指数平滑，非低销量组合使用综合Ridge
2022-04-07,69,B地江山店店,12001131,旺仔牛奶,乳类饮品,多云,0,0,0,1.9665590562494415,hybrid_low_q1_regular_ridge,低销量指数平滑-常规Ridge混合,volatile,0,天气、温度、风力、活动日为历史同月日参考；节假日按2022清明日历设定；低销量组合使用问题一指数平滑，非低销量组合使用综合Ridge
2022-04-07,178,C地五乡镇店,11000405,百事可乐330ml,碳酸饮料,多云,0,0,0,4.640000015470197,hybrid_low_q1_regular_ridge,低销量指数平滑-常规Ridge混合,low_volume_intermittent,1,天气、温度、风力、活动日为历史同月日参考；节假日按2022清明日历设定；低销量组合使用问题一指数平滑，非低销量组合使用综合Ridge
2022-04-07,178,C地五乡镇店,11001020,韩国海牌海苔 / 韩国海飘海苔,包装海苔,多云,0,0,0,1.1219040522389654,hybrid_low_q1_regular_ridge,低销量指数平滑-常规Ridge混合,intermittent,0,天气、温度、风力、活动日为历史同月日参考；节假日按2022清明日历设定；低销量组合使用问题一指数平滑，非低销量组合使用综合Ridge
2022-04-07,178,C地五乡镇店,11002170,三养辣火鸡味拌面,速食类,多云,0,0,0,0.9215387296654044,hybrid_low_q1_regular_ridge,低销量指数平滑-常规Ridge混合,intermittent,0,天气、温度、风力、活动日为历史同月日参考；节假日按2022清明日历设定；低销量组合使用问题一指数平滑，非低销量组合使用综合Ridge
2022-04-07,178,C地五乡镇店,11002561,乡吧哥蜜汁鸡翅,包装散称,多云,0,0,0,9.799273616065566,hybrid_low_q1_regular_ridge,低销量指数平滑-常规Ridge混合,intermittent,0,天气、温度、风力、活动日为历史同月日参考；节假日按2022清明日历设定；低销量组合使用问题一指数平滑，非低销量组合使用综合Ridge
2022-04-07,178,C地五乡镇店,11002605,老板仔香脆海苔卷（原味）,包装海苔,多云,0,0,0,0.0,hybrid_low_q1_regular_ridge,低销量指数平滑-常规Ridge混合,very_sparse,1,天气、温度、风力、活动日为历史同月日参考；节假日按2022清明日历设定；低销量组合使用问题一指数平滑，非低销量组合使用综合Ridge
2022-04-07,178,C地五乡镇店,11004973,特仑苏纯牛奶,乳类饮品,多云,0,0,0,0.3008152635344523,hybrid_low_q1_regular_ridge,低销量指数平滑-常规Ridge混合,very_sparse,1,天气、温度、风力、活动日为历史同月日参考；节假日按2022清明日历设定；低销量组合使用问题一指数平滑，非低销量组合使用综合Ridge
2022-04-07,178,C地五乡镇店,11005780,大丰古法瓜子,包装坚果,多云,0,0,0,0.8730901937474458,hybrid_low_q1_regular_ridge,低销量指数平滑-常规Ridge混合,low_volume_intermittent,1,天气、温度、风力、活动日为历史同月日参考；节假日按2022清明日历设定；低销量组合使用问题一指数平滑，非低销量组合使用综合Ridge
2022-04-07,178,C地五乡镇店,11008516,李子柒螺蛳粉335g,速食类,多云,0,0,0,2.332746810954748,hybrid_low_q1_regular_ridge,低销量指数平滑-常规Ridge混合,intermittent,0,天气、温度、风力、活动日为历史同月日参考；节假日按2022清明日历设定；低销量组合使用问题一指数平滑，非低销量组合使用综合Ridge
2022-04-07,178,C地五乡镇店,12000134,百事可乐600ml,碳酸饮料,多云,0,0,0,3.0314806382955366,hybrid_low_q1_regular_ridge,低销量指数平滑-常规Ridge混合,intermittent,0,天气、温度、风力、活动日为历史同月日参考；节假日按2022清明日历设定；低销量组合使用问题一指数平滑，非低销量组合使用综合Ridge
2022-04-07,178,C地五乡镇店,12000292,红牛,功能饮料,多云,0,0,0,17.49563599693931,hybrid_low_q1_regular_ridge,低销量指数平滑-常规Ridge混合,volatile,0,天气、温度、风力、活动日为历史同月日参考；节假日按2022清明日历设定；低销量组合使用问题一指数平滑，非低销量组合使用综合Ridge
2022-04-07,178,C地五乡镇店,12001131,旺仔牛奶,乳类饮品,多云,0,0,0,4.175153584559312,hybrid_low_q1_regular_ridge,低销量指数平滑-常规Ridge混合,intermittent,0,天气、温度、风力、活动日为历史同月日参考；节假日按2022清明日历设定；低销量组合使用问题一指数平滑，非低销量组合使用综合Ridge
2022-04-07,276,A地双桥路店,11000405,百事可乐330ml,碳酸饮料,多云,0,0,0,0.2689054531264976,hybrid_low_q1_regular_ridge,低销量指数平滑-常规Ridge混合,very_sparse,1,天气、温度、风力、活动日为历史同月日参考；节假日按2022清明日历设定；低销量组合使用问题一指数平滑，非低销量组合使用综合Ridge
2022-04-07,276,A地双桥路店,11001020,韩国海牌海苔 / 韩国海飘海苔,包装海苔,多云,0,0,0,0.07778432375348415,hybrid_low_q1_regular_ridge,低销量指数平滑-常规Ridge混合,very_sparse,1,天气、温度、风力、活动日为历史同月日参考；节假日按2022清明日历设定；低销量组合使用问题一指数平滑，非低销量组合使用综合Ridge
2022-04-07,276,A地双桥路店,11002170,三养辣火鸡味拌面,速食类,多云,0,0,0,0.13194093933423176,hybrid_low_q1_regular_ridge,低销量指数平滑-常规Ridge混合,very_sparse,1,天气、温度、风力、活动日为历史同月日参考；节假日按2022清明日历设定；低销量组合使用问题一指数平滑，非低销量组合使用综合Ridge
2022-04-07,276,A地双桥路店,11002561,乡吧哥蜜汁鸡翅,包装散称,多云,0,0,0,0.32597375512041915,hybrid_low_q1_regular_ridge,低销量指数平滑-常规Ridge混合,very_sparse,1,天气、温度、风力、活动日为历史同月日参考；节假日按2022清明日历设定；低销量组合使用问题一指数平滑，非低销量组合使用综合Ridge
2022-04-07,276,A地双桥路店,11002605,老板仔香脆海苔卷（原味）,包装海苔,多云,0,0,0,0.10321785142313557,hybrid_low_q1_regular_ridge,低销量指数平滑-常规Ridge混合,very_sparse,1,天气、温度、风力、活动日为历史同月日参考；节假日按2022清明日历设定；低销量组合使用问题一指数平滑，非低销量组合使用综合Ridge
2022-04-07,276,A地双桥路店,11005780,大丰古法瓜子,包装坚果,多云,0,0,0,0.0,hybrid_low_q1_regular_ridge,低销量指数平滑-常规Ridge混合,very_sparse,1,天气、温度、风力、活动日为历史同月日参考；节假日按2022清明日历设定；低销量组合使用问题一指数平滑，非低销量组合使用综合Ridge
2022-04-07,276,A地双桥路店,11008516,李子柒螺蛳粉335g,速食类,多云,0,0,0,0.0,hybrid_low_q1_regular_ridge,低销量指数平滑-常规Ridge混合,very_sparse,1,天气、温度、风力、活动日为历史同月日参考；节假日按2022清明日历设定；低销量组合使用问题一指数平滑，非低销量组合使用综合Ridge
2022-04-07,276,A地双桥路店,12000134,百事可乐600ml,碳酸饮料,多云,0,0,0,0.43283342937486996,hybrid_low_q1_regular_ridge,低销量指数平滑-常规Ridge混合,very_sparse,1,天气、温度、风力、活动日为历史同月日参考；节假日按2022清明日历设定；低销量组合使用问题一指数平滑，非低销量组合使用综合Ridge
2022-04-07,276,A地双桥路店,12000292,红牛,功能饮料,多云,0,0,0,1.007961605577367,hybrid_low_q1_regular_ridge,低销量指数平滑-常规Ridge混合,very_sparse,1,天气、温度、风力、活动日为历史同月日参考；节假日按2022清明日历设定；低销量组合使用问题一指数平滑，非低销量组合使用综合Ridge
2022-04-07,276,A地双桥路店,12001131,旺仔牛奶,乳类饮品,多云,0,0,0,0.062340724888115366,hybrid_low_q1_regular_ridge,低销量指数平滑-常规Ridge混合,very_sparse,1,天气、温度、风力、活动日为历史同月日参考；节假日按2022清明日历设定；低销量组合使用问题一指数平滑，非低销量组合使用综合Ridge
